,Symbol,Series,Date,Prev Close,Open Price,High Price,Low Price,Last Price,Close Price,Average Price,Total Traded Quantity,Turnover in Lacs,No. of Trades,Deliverable Qty,% Dly Qt to Traded Qty
0,ICICIBANK,EQ,03-Jan-2005,371.35,375.0,375.0,370.15,373.5,371.35,372.94,412258,1537.49,-,     186076,         45.14
1,ICICIBANK,EQ,04-Jan-2005,371.35,371.55,377.0,368.1,376.0,373.9,371.71,377665,1403.8,-,     149678,         39.63
2,ICICIBANK,EQ,05-Jan-2005,373.9,375.1,379.0,345.05,360.0,361.75,364.29,866607,3156.95,-,     355623,         41.04
3,ICICIBANK,EQ,06-Jan-2005,361.75,360.0,362.4,351.0,351.1,353.4,356.61,665493,2373.21,-,     180794,         27.17
4,ICICIBANK,EQ,07-Jan-2005,353.4,350.0,361.95,350.0,358.75,358.7,357.56,276307,987.96,-,      65106,         23.56
5,ICICIBANK,EQ,10-Jan-2005,358.7,360.0,361.9,346.3,348.0,348.9,354.87,335125,1189.27,-,     110368,         32.93
6,ICICIBANK,EQ,11-Jan-2005,348.9,349.8,354.0,342.1,351.9,350.75,349.84,398496,1394.12,-,     109257,         27.42
7,ICICIBANK,EQ,12-Jan-2005,350.75,350.0,354.0,340.6,348.05,345.1,345.83,400171,1383.93,-,     129483,         32.36
8,ICICIBANK,EQ,13-Jan-2005,345.1,350.0,356.9,347.2,355.8,354.05,352.67,406457,1433.44,-,     158402,         38.97
9,ICICIBANK,EQ,14-Jan-2005,354.05,358.9,358.9,347.65,352.0,351.15,352.99,522200,1843.32,-,     188668,         36.13
10,ICICIBANK,EQ,17-Jan-2005,351.15,359.8,359.8,347.05,353.6,352.1,351.25,811950,2851.96,-,     195735,         24.11
11,ICICIBANK,EQ,18-Jan-2005,352.1,355.0,356.85,348.65,352.0,351.0,352.28,460606,1622.64,-,     152906,         33.20
12,ICICIBANK,EQ,19-Jan-2005,351.0,355.0,358.8,350.25,351.2,351.6,353.88,350813,1241.47,-,      90473,         25.79
13,ICICIBANK,EQ,20-Jan-2005,351.6,351.0,353.0,325.2,345.1,346.2,344.88,400291,1380.53,-,     113887,         28.45
14,ICICIBANK,EQ,24-Jan-2005,346.2,350.0,351.0,336.1,336.1,338.55,340.91,441341,1504.58,-,     186800,         42.33
15,ICICIBANK,EQ,25-Jan-2005,338.55,339.0,346.7,330.0,346.0,343.55,337.05,572465,1929.5,-,     201459,         35.19
16,ICICIBANK,EQ,27-Jan-2005,343.55,346.95,346.95,335.6,339.0,337.5,340.49,1369491,4663.03,-,     817821,         59.72
17,ICICIBANK,EQ,28-Jan-2005,337.5,344.0,349.1,339.0,347.65,348.05,345.23,594041,2050.8,-,     270218,         45.49
18,ICICIBANK,EQ,31-Jan-2005,348.05,350.0,362.9,347.25,361.9,360.9,357.24,668268,2387.35,-,     189931,         28.42
19,ICICIBANK,EQ,01-Feb-2005,360.9,363.0,368.0,358.15,360.5,361.8,362.03,504522,1826.5,-,     143822,         28.51
20,ICICIBANK,EQ,02-Feb-2005,361.8,361.0,370.0,361.0,367.6,366.05,366.86,744279,2730.45,-,     248170,         33.34
21,ICICIBANK,EQ,03-Feb-2005,366.05,369.45,371.3,363.5,370.6,369.65,369.26,481859,1779.29,-,     180451,         37.45
22,ICICIBANK,EQ,04-Feb-2005,369.65,371.5,373.75,363.1,366.0,365.7,367.36,394267,1448.39,-,     148300,         37.61
23,ICICIBANK,EQ,07-Feb-2005,365.7,366.0,370.4,359.25,361.6,361.1,366.4,406703,1490.18,-,     185840,         45.69
24,ICICIBANK,EQ,08-Feb-2005,361.1,363.0,365.5,358.0,364.6,362.8,362.16,357318,1294.06,-,     111873,         31.31
25,ICICIBANK,EQ,09-Feb-2005,362.8,365.0,369.0,362.1,367.5,366.45,366.31,423118,1549.93,-,     166325,         39.31
26,ICICIBANK,EQ,10-Feb-2005,366.45,366.5,378.5,365.55,378.0,374.7,371.68,713821,2653.12,-,     307476,         43.07
27,ICICIBANK,EQ,11-Feb-2005,374.7,376.25,379.65,372.25,374.0,374.9,375.76,553033,2078.09,-,     212233,         38.38
28,ICICIBANK,EQ,14-Feb-2005,374.9,378.75,384.5,378.0,380.6,380.8,381.52,903158,3445.72,-,     444170,         49.18
29,ICICIBANK,EQ,15-Feb-2005,380.8,382.0,387.0,380.85,383.45,383.15,383.71,819304,3143.71,-,     373873,         45.63
30,ICICIBANK,EQ,16-Feb-2005,383.15,385.0,385.9,373.05,374.45,375.6,381.44,439229,1675.39,-,     175969,         40.06
31,ICICIBANK,EQ,17-Feb-2005,375.6,373.5,380.0,367.5,379.8,376.1,371.94,387173,1440.05,-,     128992,         33.32
32,ICICIBANK,EQ,18-Feb-2005,376.1,376.0,385.0,376.0,383.05,381.75,381.87,713639,2725.16,-,     254073,         35.60
33,ICICIBANK,EQ,21-Feb-2005,381.75,382.0,385.0,374.25,375.9,376.45,379.26,441759,1675.4,-,     138627,         31.38
34,ICICIBANK,EQ,22-Feb-2005,376.45,376.45,376.45,370.5,375.4,374.65,373.1,350026,1305.95,-,      73906,         21.11
35,ICICIBANK,EQ,23-Feb-2005,374.65,376.0,376.0,367.55,374.6,373.75,372.51,780813,2908.62,-,     395627,         50.67
36,ICICIBANK,EQ,24-Feb-2005,373.75,374.0,377.55,366.2,370.5,369.4,372.2,1844021,6863.36,-,    1109650,         60.18
37,ICICIBANK,IL,24-Feb-2005,338.8,391.5,391.5,391.5,0.0,391.5,391.5,2000000,7830.0,-,-,-
38,ICICIBANK,EQ,25-Feb-2005,369.4,374.0,378.0,367.05,368.5,367.65,370.52,408153,1512.28,-,     188295,         46.13
39,ICICIBANK,EQ,28-Feb-2005,367.65,374.0,383.35,365.25,383.35,380.9,375.29,655948,2461.71,-,     227810,         34.73
40,ICICIBANK,EQ,01-Mar-2005,380.9,381.5,382.0,369.05,373.9,372.25,373.57,388748,1452.23,-,     129620,         33.34
41,ICICIBANK,EQ,02-Mar-2005,372.25,375.0,396.9,372.6,390.1,389.5,387.26,1294533,5013.23,-,     437809,         33.82
42,ICICIBANK,EQ,03-Mar-2005,389.5,389.55,399.9,389.05,398.0,397.0,395.8,1466165,5803.13,-,     531877,         36.28
43,ICICIBANK,EQ,04-Mar-2005,397.0,399.0,403.5,393.1,399.0,397.7,398.23,1457508,5804.23,-,     550712,         37.78
44,ICICIBANK,EQ,07-Mar-2005,397.7,397.0,404.0,395.1,397.5,399.3,400.69,1009125,4043.46,-,     467274,         46.30
45,ICICIBANK,EQ,08-Mar-2005,399.3,401.75,402.6,397.0,399.45,398.95,400.18,1018258,4074.91,-,     598419,         58.77
46,ICICIBANK,EQ,09-Mar-2005,398.95,396.0,397.5,387.35,390.05,390.5,392.01,871307,3415.58,-,     555263,         63.73
47,ICICIBANK,EQ,10-Mar-2005,390.5,390.1,393.85,383.4,393.0,392.05,389.16,680682,2648.92,-,     264938,         38.92
48,ICICIBANK,EQ,11-Mar-2005,392.05,395.0,399.0,389.0,390.0,390.5,394.57,316353,1248.24,-,     106228,         33.58
49,ICICIBANK,EQ,14-Mar-2005,390.5,366.6,392.95,350.0,385.05,384.2,385.88,277936,1072.51,-,     108647,         39.09
50,ICICIBANK,EQ,15-Mar-2005,384.2,385.6,386.6,376.25,384.4,382.6,382.21,506479,1935.81,-,     283977,         56.07
51,ICICIBANK,EQ,16-Mar-2005,382.6,385.0,407.8,384.0,400.6,400.95,398.98,1801609,7188.04,-,     532220,         29.54
52,ICICIBANK,EQ,17-Mar-2005,400.95,400.0,405.0,397.0,400.35,401.4,401.9,821423,3301.29,-,     294993,         35.91
53,ICICIBANK,EQ,18-Mar-2005,401.4,402.8,417.8,395.45,413.5,413.05,406.9,1668279,6788.17,-,     355280,         21.30
54,ICICIBANK,EQ,21-Mar-2005,413.05,415.0,416.45,406.35,407.55,408.45,410.33,824889,3384.77,-,     277016,         33.58
55,ICICIBANK,EQ,22-Mar-2005,408.45,408.0,408.0,392.0,392.0,395.25,400.59,796657,3191.36,-,     307628,         38.61
56,ICICIBANK,EQ,23-Mar-2005,395.25,386.0,399.05,386.0,388.65,390.25,394.13,750942,2959.72,-,     248387,         33.08
57,ICICIBANK,EQ,24-Mar-2005,390.25,392.0,394.95,377.0,394.0,390.35,388.19,845473,3282.02,-,     266165,         31.48
58,ICICIBANK,EQ,28-Mar-2005,390.35,393.8,400.0,393.8,400.0,397.85,397.69,607462,2415.8,-,     309118,         50.89
59,ICICIBANK,EQ,29-Mar-2005,397.85,394.1,398.0,385.3,392.0,389.85,391.83,735935,2883.65,-,     349811,         47.53
60,ICICIBANK,EQ,30-Mar-2005,389.85,389.0,389.5,375.0,381.05,383.0,380.69,888187,3381.25,-,     411741,         46.36
61,ICICIBANK,EQ,31-Mar-2005,383.0,389.0,407.45,388.8,393.5,392.8,398.47,2460062,9802.67,-,    1176821,         47.84
62,ICICIBANK,EQ,01-Apr-2005,392.8,393.0,407.45,393.0,407.0,406.05,401.48,922987,3705.56,-,     228718,         24.78
63,ICICIBANK,EQ,04-Apr-2005,406.05,407.0,425.0,407.0,417.25,418.35,420.31,8085932,33985.78,-,    5809224,         71.84
64,ICICIBANK,EQ,05-Apr-2005,418.35,418.0,429.5,409.5,423.0,425.45,420.64,3072316,12923.33,-,    1416393,         46.10
65,ICICIBANK,EQ,06-Apr-2005,425.45,422.8,429.0,418.55,425.0,425.25,424.54,2812657,11940.76,-,    1672656,         59.47
66,ICICIBANK,EQ,07-Apr-2005,425.25,425.5,425.5,405.0,405.1,408.7,415.0,323295,1341.69,-,      73081,         22.61
67,ICICIBANK,EQ,08-Apr-2005,408.7,409.8,415.9,400.15,402.1,403.95,409.69,395580,1620.64,-,      63191,         15.97
68,ICICIBANK,EQ,11-Apr-2005,403.95,403.95,406.0,393.05,394.5,394.55,397.55,275328,1094.56,-,      96240,         34.95
69,ICICIBANK,EQ,12-Apr-2005,394.55,395.1,415.0,391.0,414.1,408.4,406.58,1352883,5500.59,-,     739226,         54.64
70,ICICIBANK,EQ,13-Apr-2005,408.4,412.0,415.85,409.25,412.0,412.0,411.75,583748,2403.58,-,     305595,         52.35
71,ICICIBANK,EQ,15-Apr-2005,412.0,410.0,410.0,383.55,403.0,403.1,400.09,784906,3140.35,-,     528300,         67.31
72,ICICIBANK,EQ,18-Apr-2005,403.1,395.0,395.0,385.0,386.0,386.8,388.86,421469,1638.94,-,     207702,         49.28
73,ICICIBANK,EQ,19-Apr-2005,386.8,395.0,404.0,380.75,386.1,383.8,390.03,348942,1360.99,-,      66439,         19.04
74,ICICIBANK,EQ,20-Apr-2005,383.8,385.0,392.9,374.15,380.0,378.3,381.57,625295,2385.91,-,     331500,         53.01
75,ICICIBANK,EQ,21-Apr-2005,378.3,375.0,386.0,366.5,383.0,383.45,375.0,439010,1646.27,-,      91816,         20.91
76,ICICIBANK,EQ,22-Apr-2005,383.45,387.0,399.0,382.55,397.15,396.45,389.64,608384,2370.48,-,     273419,         44.94
77,ICICIBANK,EQ,25-Apr-2005,396.45,394.8,411.05,390.15,410.0,408.1,401.43,539633,2166.27,-,     212442,         39.37
78,ICICIBANK,EQ,26-Apr-2005,408.1,405.0,407.0,400.0,404.35,404.7,403.76,336040,1356.81,-,     105037,         31.26
79,ICICIBANK,EQ,27-Apr-2005,404.7,390.15,401.0,381.1,383.0,383.9,388.95,525730,2044.81,-,     225149,         42.83
80,ICICIBANK,EQ,28-Apr-2005,383.9,387.0,387.0,368.0,380.0,379.15,377.47,1476387,5572.94,-,     701218,         47.50
81,ICICIBANK,EQ,29-Apr-2005,379.15,379.9,382.0,356.05,360.0,359.95,363.6,1085153,3945.59,-,     528376,         48.69
82,ICICIBANK,EQ,02-May-2005,359.95,368.0,373.95,357.55,360.45,360.35,362.67,716359,2597.99,-,     281888,         39.35
83,ICICIBANK,EQ,03-May-2005,360.35,366.45,368.9,360.2,360.6,362.45,365.43,436112,1593.7,-,     108964,         24.99
84,ICICIBANK,EQ,04-May-2005,362.45,364.0,369.0,363.0,367.5,367.3,366.6,344197,1261.84,-,     148580,         43.17
85,ICICIBANK,EQ,05-May-2005,367.3,372.5,380.25,372.5,377.0,376.7,378.01,688411,2602.28,-,     305795,         44.42
86,ICICIBANK,EQ,06-May-2005,376.7,377.0,386.0,375.0,377.0,377.7,380.94,1154756,4398.93,-,     423771,         36.70
87,ICICIBANK,EQ,09-May-2005,377.7,382.0,383.9,375.5,382.2,382.3,380.15,537413,2043.0,-,     255313,         47.51
88,ICICIBANK,EQ,10-May-2005,382.3,383.0,396.25,381.1,395.95,392.05,387.53,1083716,4199.77,-,     598729,         55.25
89,ICICIBANK,EQ,11-May-2005,392.05,391.25,394.95,384.0,393.5,393.2,389.13,451119,1755.45,-,     170407,         37.77
90,ICICIBANK,EQ,12-May-2005,393.2,391.4,394.8,388.15,392.5,391.7,391.98,304012,1191.65,-,      83547,         27.48
91,ICICIBANK,EQ,13-May-2005,391.7,395.0,395.0,385.25,392.0,392.2,389.95,318521,1242.06,-,     161090,         50.57
92,ICICIBANK,EQ,16-May-2005,392.2,394.0,400.0,392.1,399.05,398.1,395.58,244032,965.35,-,     108494,         44.46
93,ICICIBANK,EQ,17-May-2005,398.1,400.0,403.0,394.1,397.0,396.5,397.2,246796,980.27,-,      64963,         26.32
94,ICICIBANK,EQ,18-May-2005,396.5,394.95,394.95,389.0,391.6,390.65,391.57,251329,984.14,-,      96277,         38.31
95,ICICIBANK,EQ,19-May-2005,390.65,395.5,414.8,388.2,389.5,393.7,400.7,660177,2645.31,-,     123663,         18.73
96,ICICIBANK,EQ,20-May-2005,393.7,389.95,399.0,385.0,397.9,397.45,393.78,325285,1280.9,-,      79530,         24.45
97,ICICIBANK,EQ,23-May-2005,397.45,399.8,404.0,394.0,401.0,402.55,400.09,232440,929.97,-,      96287,         41.42
98,ICICIBANK,EQ,24-May-2005,402.55,400.0,402.0,394.3,399.5,399.3,397.9,297622,1184.23,-,     148598,         49.93
99,ICICIBANK,EQ,25-May-2005,399.3,397.1,399.0,394.5,397.0,397.4,397.19,312171,1239.92,-,     146607,         46.96
100,ICICIBANK,EQ,26-May-2005,397.4,409.8,409.8,393.0,396.5,400.0,397.43,694998,2762.11,-,     322133,         46.35
101,ICICIBANK,EQ,27-May-2005,400.0,400.0,402.0,397.0,399.1,399.05,398.91,283028,1129.03,-,     130797,         46.21
102,ICICIBANK,EQ,30-May-2005,399.05,399.95,399.95,386.3,387.0,389.7,391.54,184034,720.56,-,      57705,         31.36
103,ICICIBANK,EQ,31-May-2005,389.7,389.8,395.1,387.5,392.0,392.05,391.75,400583,1569.29,-,     191749,         47.87
104,ICICIBANK,EQ,01-Jun-2005,392.05,393.95,401.0,393.0,401.0,399.4,397.69,278070,1105.87,-,     119148,         42.85
105,ICICIBANK,EQ,02-Jun-2005,399.4,402.0,403.0,392.0,392.0,392.15,396.3,205633,814.93,-,      50784,         24.70
106,ICICIBANK,EQ,03-Jun-2005,392.15,392.5,396.0,391.0,393.25,393.0,393.53,135383,532.77,-,      36204,         26.74
107,ICICIBANK,EQ,04-Jun-2005,393.0,396.9,400.0,394.0,394.0,397.25,397.62,91113,362.28,-,      15913,         17.47
108,ICICIBANK,EQ,06-Jun-2005,397.25,397.5,402.0,392.0,394.05,393.7,398.12,200069,796.52,-,      77953,         38.96
109,ICICIBANK,EQ,07-Jun-2005,393.7,397.4,407.5,395.2,406.0,405.35,403.96,661032,2670.31,-,     316243,         47.84
110,ICICIBANK,EQ,08-Jun-2005,405.35,406.25,421.0,406.25,420.0,419.6,416.3,935737,3895.52,-,     418941,         44.77
111,ICICIBANK,EQ,09-Jun-2005,419.6,419.6,419.6,407.0,416.25,413.65,411.85,431003,1775.09,-,     138310,         32.09
112,ICICIBANK,EQ,10-Jun-2005,413.65,417.0,418.0,406.5,410.0,408.6,413.3,368553,1523.23,-,     137468,         37.30
113,ICICIBANK,EQ,13-Jun-2005,408.6,414.0,425.0,403.15,425.0,423.75,417.75,907982,3793.11,-,     452888,         49.88
114,ICICIBANK,EQ,14-Jun-2005,423.75,427.0,436.0,425.0,431.0,433.95,430.24,1257252,5409.25,-,     526399,         41.87
115,ICICIBANK,EQ,15-Jun-2005,433.95,434.0,437.5,425.4,432.25,433.45,432.3,902602,3901.95,-,     459389,         50.90
116,ICICIBANK,EQ,16-Jun-2005,433.45,429.5,430.95,415.0,418.55,417.05,421.48,508128,2141.66,-,     156997,         30.90
117,ICICIBANK,EQ,17-Jun-2005,417.05,423.9,428.0,414.55,417.0,416.0,420.31,518344,2178.65,-,     148486,         28.65
118,ICICIBANK,EQ,20-Jun-2005,416.0,420.0,422.9,402.6,405.0,405.15,411.22,797532,3279.6,-,     357559,         44.83
119,ICICIBANK,EQ,21-Jun-2005,405.15,408.0,419.9,405.5,418.9,418.2,413.25,458009,1892.74,-,     189700,         41.42
120,ICICIBANK,EQ,22-Jun-2005,418.2,420.0,424.5,415.3,420.0,420.7,420.49,627980,2640.59,-,     270126,         43.02
121,ICICIBANK,EQ,23-Jun-2005,420.7,421.0,421.5,402.15,418.8,418.4,415.44,507425,2108.04,-,     159015,         31.34
122,ICICIBANK,EQ,24-Jun-2005,418.4,417.7,421.5,412.05,417.5,418.35,417.35,307293,1282.5,-,     134847,         43.88
123,ICICIBANK,EQ,27-Jun-2005,418.35,418.0,420.95,414.05,420.0,417.75,417.35,538909,2249.11,-,     331177,         61.45
124,ICICIBANK,EQ,28-Jun-2005,417.75,428.0,428.0,414.25,415.0,417.85,419.91,568073,2385.41,-,     281766,         49.60
125,ICICIBANK,EQ,29-Jun-2005,417.85,422.0,422.0,414.55,415.05,416.95,416.91,517330,2156.78,-,     308825,         59.70
126,ICICIBANK,EQ,30-Jun-2005,416.95,419.95,427.95,414.0,422.0,425.75,423.11,862436,3649.07,-,     330266,         38.29
127,ICICIBANK,EQ,01-Jul-2005,425.75,427.0,429.25,419.2,419.55,421.25,424.57,431571,1832.33,-,     176625,         40.93
128,ICICIBANK,EQ,04-Jul-2005,421.25,424.0,431.45,421.0,430.6,429.25,425.93,589636,2511.46,-,     334418,         56.72
129,ICICIBANK,EQ,05-Jul-2005,429.25,430.0,436.5,425.05,430.9,432.05,432.43,721030,3117.93,-,     326178,         45.24
130,ICICIBANK,EQ,06-Jul-2005,432.05,432.8,438.7,430.25,431.0,431.95,434.01,612237,2657.14,-,     282139,         46.08
131,ICICIBANK,EQ,07-Jul-2005,431.95,433.5,434.0,417.0,419.45,422.0,428.31,382515,1638.34,-,     118157,         30.89
132,ICICIBANK,EQ,08-Jul-2005,422.0,424.05,428.0,419.05,420.0,424.25,424.32,299984,1272.88,-,     112558,         37.52
133,ICICIBANK,EQ,11-Jul-2005,424.25,427.35,454.9,427.35,454.0,452.35,446.98,1417609,6336.39,-,     639667,         45.12
134,ICICIBANK,EQ,12-Jul-2005,452.35,430.0,469.75,430.0,467.0,468.05,463.83,1757128,8150.15,-,     781375,         44.47
135,ICICIBANK,EQ,13-Jul-2005,468.05,467.9,467.9,455.0,465.0,463.8,462.1,782638,3616.58,-,     358229,         45.77
136,ICICIBANK,EQ,14-Jul-2005,463.8,459.0,460.0,444.0,444.0,446.0,450.72,404216,1821.87,-,     118504,         29.32
137,ICICIBANK,EQ,15-Jul-2005,446.0,425.55,444.0,425.55,442.5,441.3,439.65,342610,1506.3,-,     108511,         31.67
138,ICICIBANK,EQ,18-Jul-2005,441.3,444.0,448.8,442.0,442.5,443.65,445.31,312367,1391.0,-,     138810,         44.44
139,ICICIBANK,EQ,19-Jul-2005,443.65,446.0,447.6,430.0,440.5,440.7,442.26,204162,902.93,-,      74717,         36.60
140,ICICIBANK,EQ,20-Jul-2005,440.7,446.95,448.0,439.05,442.0,440.6,443.23,303829,1346.67,-,     165583,         54.50
141,ICICIBANK,EQ,21-Jul-2005,440.6,442.0,444.0,434.1,440.1,438.8,439.45,233136,1024.51,-,      79405,         34.06
142,ICICIBANK,EQ,22-Jul-2005,438.8,439.0,457.0,433.2,453.0,454.8,452.75,957882,4336.79,-,     579656,         60.51
143,ICICIBANK,EQ,25-Jul-2005,454.8,457.0,499.05,455.05,495.0,493.4,482.12,2719383,13110.75,-,    1266526,         46.57
144,ICICIBANK,EQ,26-Jul-2005,493.4,494.0,516.0,475.55,507.9,509.25,504.36,3125111,15761.9,-,     975257,         31.21
145,ICICIBANK,EQ,27-Jul-2005,509.25,490.55,539.7,490.55,532.25,528.2,516.33,2426455,12528.46,-,     723848,         29.83
146,ICICIBANK,IL,27-Jul-2005,391.5,515.0,517.0,515.0,0.0,517.0,516.07,1120000,5780.0,-,-,-
147,ICICIBANK,EQ,29-Jul-2005,528.2,523.0,554.9,512.0,532.6,534.45,542.92,3770867,20472.85,-,    1259912,         33.41
148,ICICIBANK,EQ,01-Aug-2005,534.45,532.5,549.9,525.0,535.8,538.4,534.01,1459516,7794.02,-,     194433,         13.32
149,ICICIBANK,EQ,02-Aug-2005,538.4,534.8,535.0,516.0,518.05,520.4,526.79,884456,4659.27,-,     213013,         24.08
150,ICICIBANK,EQ,03-Aug-2005,520.4,521.05,529.8,520.1,525.0,522.65,523.99,715912,3751.32,-,     145172,         20.28
151,ICICIBANK,EQ,04-Aug-2005,522.65,520.1,520.1,510.5,513.9,513.3,513.44,657430,3375.53,-,     244988,         37.26
152,ICICIBANK,EQ,05-Aug-2005,513.3,510.5,521.0,497.05,501.4,500.15,509.05,1071154,5452.66,-,     357424,         33.37
153,ICICIBANK,EQ,08-Aug-2005,500.15,505.0,507.9,475.0,479.0,478.1,491.13,1008123,4951.22,-,     420354,         41.70
154,ICICIBANK,EQ,09-Aug-2005,478.1,482.5,494.65,476.3,483.0,482.6,485.41,1153416,5598.74,-,     222505,         19.29
155,ICICIBANK,EQ,10-Aug-2005,482.6,489.7,495.0,488.2,493.95,494.05,492.22,567954,2795.57,-,     120317,         21.18
156,ICICIBANK,EQ,11-Aug-2005,494.05,495.0,516.8,495.0,505.0,506.95,505.31,1392947,7038.67,-,     449099,         32.24
157,ICICIBANK,EQ,12-Aug-2005,506.95,510.0,520.0,507.55,509.05,512.75,515.54,1505440,7761.15,-,     613578,         40.76
158,ICICIBANK,EQ,16-Aug-2005,512.75,514.25,514.25,499.1,505.0,504.75,504.49,418288,2110.2,-,     120424,         28.79
159,ICICIBANK,EQ,17-Aug-2005,504.75,504.75,509.5,490.05,505.0,503.9,503.65,659301,3320.58,-,     268822,         40.77
160,ICICIBANK,EQ,18-Aug-2005,503.9,509.0,512.0,502.0,509.7,507.6,506.97,464123,2352.98,-,     169963,         36.62
161,ICICIBANK,EQ,19-Aug-2005,507.6,508.0,509.0,495.0,496.25,498.2,502.15,396659,1991.82,-,     115840,         29.20
162,ICICIBANK,EQ,22-Aug-2005,498.2,509.7,509.7,487.05,488.0,491.55,496.78,260255,1292.91,-,      57834,         22.22
163,ICICIBANK,EQ,23-Aug-2005,491.55,496.85,496.85,477.0,483.0,480.45,484.82,313873,1521.71,-,      85784,         27.33
164,ICICIBANK,EQ,24-Aug-2005,480.45,478.0,494.95,470.0,492.0,488.25,479.62,613397,2942.0,-,     130728,         21.31
165,ICICIBANK,EQ,25-Aug-2005,488.25,492.0,494.95,476.3,483.95,484.5,482.41,713975,3444.28,-,      74736,         10.47
166,ICICIBANK,EQ,26-Aug-2005,484.5,487.95,489.0,477.3,478.05,481.6,483.22,333078,1609.49,-,      69982,         21.01
167,ICICIBANK,EQ,29-Aug-2005,481.6,478.3,481.8,460.0,467.1,467.95,470.33,394834,1857.04,-,     148207,         37.54
168,ICICIBANK,EQ,30-Aug-2005,467.95,470.8,480.0,470.8,475.0,477.1,477.48,445860,2128.88,-,     252768,         56.69
169,ICICIBANK,EQ,31-Aug-2005,477.1,478.1,483.95,478.05,480.3,481.8,481.77,422124,2033.67,-,     194543,         46.09
170,ICICIBANK,EQ,01-Sep-2005,481.8,482.25,495.25,481.2,484.0,483.85,487.98,521027,2542.51,-,     218616,         41.96
171,ICICIBANK,EQ,02-Sep-2005,483.85,489.9,489.9,478.5,481.9,481.5,481.83,406618,1959.21,-,     212749,         52.32
172,ICICIBANK,EQ,05-Sep-2005,481.5,488.95,488.95,481.35,486.8,484.5,485.68,196260,953.2,-,      80721,         41.13
173,ICICIBANK,EQ,06-Sep-2005,484.5,481.1,525.0,481.1,485.8,488.0,490.18,478946,2347.7,-,     164272,         34.30
174,ICICIBANK,EQ,08-Sep-2005,488.0,488.0,506.9,485.0,505.95,505.25,498.78,869281,4335.76,-,     266984,         30.71
175,ICICIBANK,IL,08-Sep-2005,517.0,515.0,515.0,515.0,0.0,515.0,515.0,388634,2001.47,-,-,-
176,ICICIBANK,EQ,09-Sep-2005,505.25,506.9,518.9,497.1,516.15,513.55,509.46,1135849,5786.75,-,     484896,         42.69
177,ICICIBANK,EQ,12-Sep-2005,513.55,513.55,518.0,509.0,515.05,516.45,514.17,643475,3308.57,-,     267292,         41.54
178,ICICIBANK,EQ,13-Sep-2005,516.45,514.0,521.4,506.6,518.9,518.5,516.64,838255,4330.74,-,     386720,         46.13
179,ICICIBANK,EQ,14-Sep-2005,518.5,512.1,530.0,512.1,528.9,527.25,524.58,1113659,5842.07,-,     547052,         49.12
180,ICICIBANK,EQ,15-Sep-2005,527.25,529.8,535.0,525.0,533.0,533.15,529.81,649554,3441.39,-,     258571,         39.81
181,ICICIBANK,EQ,16-Sep-2005,533.15,533.95,550.0,527.0,550.0,546.15,538.02,911864,4905.98,-,     366398,         40.18
182,ICICIBANK,EQ,19-Sep-2005,546.15,546.0,558.4,541.0,553.9,555.4,550.15,785500,4321.46,-,     248907,         31.69
183,ICICIBANK,EQ,20-Sep-2005,555.4,550.0,588.0,542.15,579.0,582.3,568.22,2020983,11483.62,-,     627503,         31.05
184,ICICIBANK,IL,20-Sep-2005,515.0,562.0,562.0,562.0,0.0,562.0,562.0,76500,429.93,-,      76500,        100.00
185,ICICIBANK,EQ,21-Sep-2005,582.3,574.0,587.8,552.0,571.0,576.5,579.93,2144196,12434.78,-,     743928,         34.69
186,ICICIBANK,IL,21-Sep-2005,562.0,593.0,593.0,593.0,0.0,593.0,593.0,3645000,21614.85,-,    3645000,        100.00
187,ICICIBANK,EQ,22-Sep-2005,576.5,573.0,582.5,563.5,564.2,573.15,574.13,1389132,7975.36,-,     428734,         30.86
188,ICICIBANK,IL,22-Sep-2005,593.0,589.5,589.5,589.5,0.0,589.5,589.5,460000,2711.7,-,          0,          0.00
189,ICICIBANK,EQ,23-Sep-2005,573.15,568.0,584.0,548.15,582.9,574.55,565.64,893618,5054.62,-,     126977,         14.21
190,ICICIBANK,IL,23-Sep-2005,589.5,581.0,581.0,578.0,0.0,578.0,579.27,1634078,9465.77,-,    1634078,        100.00
191,ICICIBANK,EQ,26-Sep-2005,574.55,575.0,585.65,573.1,576.9,575.85,579.75,567454,3289.83,-,     161566,         28.47
192,ICICIBANK,EQ,27-Sep-2005,575.85,555.55,593.5,555.55,587.1,590.35,586.48,1231360,7221.74,-,     247164,         20.07
193,ICICIBANK,EQ,28-Sep-2005,590.35,594.5,601.8,590.1,599.0,599.4,597.27,1272745,7601.76,-,     352207,         27.67
194,ICICIBANK,EQ,29-Sep-2005,599.4,595.2,603.9,587.0,592.0,598.95,598.03,1306728,7814.65,-,     280759,         21.49
195,ICICIBANK,EQ,30-Sep-2005,598.95,599.0,614.95,590.5,612.0,601.7,597.13,839584,5013.39,-,     283215,         33.73
196,ICICIBANK,EQ,03-Oct-2005,601.7,604.4,614.0,587.65,589.0,593.4,603.42,566954,3421.11,-,     119796,         21.13
197,ICICIBANK,EQ,04-Oct-2005,593.4,592.5,598.0,582.0,586.1,590.35,593.72,513729,3050.09,-,     197050,         38.36
198,ICICIBANK,EQ,05-Oct-2005,590.35,591.0,597.95,558.5,563.5,562.1,574.85,1846561,10615.03,-,     884247,         47.89
199,ICICIBANK,EQ,06-Oct-2005,562.1,562.0,563.5,532.1,532.25,534.5,540.49,2535267,13702.96,-,     872050,         34.40
200,ICICIBANK,EQ,07-Oct-2005,534.5,534.5,541.95,521.15,530.8,529.95,532.48,2018920,10750.29,-,     262111,         12.98
201,ICICIBANK,EQ,10-Oct-2005,529.95,530.8,559.0,527.75,529.15,531.4,537.29,1164599,6257.26,-,     308666,         26.50
202,ICICIBANK,EQ,11-Oct-2005,531.4,535.85,539.8,521.2,538.9,538.55,532.19,1028939,5475.91,-,     135000,         13.12
203,ICICIBANK,EQ,13-Oct-2005,538.55,539.8,551.5,517.5,526.0,525.65,538.49,2640491,14218.73,-,     602602,         22.82
204,ICICIBANK,EQ,14-Oct-2005,525.65,549.7,549.7,502.25,504.5,506.25,515.59,3467223,17876.74,-,    1145475,         33.04
205,ICICIBANK,EQ,17-Oct-2005,506.25,514.8,514.8,495.5,498.0,500.35,502.43,1948101,9787.93,-,     435677,         22.36
206,ICICIBANK,EQ,18-Oct-2005,500.35,504.0,511.95,491.4,493.0,496.65,505.32,1008382,5095.57,-,     153106,         15.18
207,ICICIBANK,EQ,19-Oct-2005,496.65,496.0,503.7,481.0,503.0,497.6,492.91,1538569,7583.8,-,     594120,         38.62
208,ICICIBANK,EQ,20-Oct-2005,497.6,503.7,519.8,491.5,494.15,496.9,506.17,1975894,10001.32,-,     479698,         24.28
209,ICICIBANK,EQ,21-Oct-2005,496.9,495.0,508.85,493.25,506.0,506.55,501.95,1407213,7063.56,-,     626489,         44.52
210,ICICIBANK,EQ,24-Oct-2005,506.55,507.0,520.0,493.4,496.5,497.6,498.31,967496,4821.13,-,     362276,         37.44
211,ICICIBANK,EQ,25-Oct-2005,497.6,493.4,507.95,467.5,501.15,503.95,503.28,754145,3795.47,-,     139812,         18.54
212,ICICIBANK,EQ,26-Oct-2005,503.95,504.0,514.65,500.0,510.0,510.8,508.38,889799,4523.52,-,     249042,         27.99
213,ICICIBANK,IL,26-Oct-2005,578.0,505.0,505.0,505.0,0.0,505.0,505.0,21930853,110750.81,-,   21930853,        100.00
214,ICICIBANK,EQ,27-Oct-2005,510.8,512.5,512.5,474.1,482.1,479.9,490.51,1346397,6604.25,-,     544008,         40.40
215,ICICIBANK,EQ,28-Oct-2005,479.9,482.05,490.0,472.5,489.75,485.5,481.32,1112377,5354.11,-,     344559,         30.98
216,ICICIBANK,EQ,31-Oct-2005,485.5,487.0,500.0,486.5,497.5,498.6,493.45,720891,3557.23,-,     275887,         38.27
217,ICICIBANK,EQ,01-Nov-2005,498.6,501.0,510.0,493.7,496.0,498.65,501.58,122530,614.59,-,      24883,         20.31
218,ICICIBANK,EQ,02-Nov-2005,498.65,503.5,504.7,497.6,500.0,499.45,500.96,515681,2583.38,-,      88450,         17.15
219,ICICIBANK,EQ,07-Nov-2005,499.45,500.0,505.95,495.0,500.3,499.55,501.34,557849,2796.71,-,     175574,         31.47
220,ICICIBANK,EQ,08-Nov-2005,499.55,505.95,510.0,499.0,508.0,504.7,504.81,1112906,5618.03,-,     366495,         32.93
221,ICICIBANK,EQ,09-Nov-2005,504.7,510.0,513.9,502.0,505.55,505.5,507.97,1329919,6755.55,-,     424039,         31.88
222,ICICIBANK,EQ,10-Nov-2005,505.5,507.0,511.0,501.2,502.1,503.65,504.65,953542,4812.08,-,     380148,         39.87
223,ICICIBANK,EQ,11-Nov-2005,503.65,505.0,517.9,504.0,517.0,515.1,512.17,1478471,7572.29,-,     546540,         36.97
224,ICICIBANK,EQ,14-Nov-2005,515.1,517.9,531.9,517.9,528.0,526.9,524.93,1190887,6251.29,-,     385406,         32.36
225,ICICIBANK,EQ,16-Nov-2005,526.9,527.0,536.0,525.0,532.0,533.1,533.14,738303,3936.18,-,     232602,         31.50
226,ICICIBANK,EQ,17-Nov-2005,533.1,535.0,547.0,532.9,544.65,545.4,539.8,1297020,7001.36,-,     470711,         36.29
227,ICICIBANK,EQ,18-Nov-2005,545.4,532.9,551.0,531.0,536.6,538.65,542.08,892099,4835.93,-,     219103,         24.56
228,ICICIBANK,EQ,21-Nov-2005,538.65,540.95,540.95,520.0,520.3,522.4,528.02,665130,3512.05,-,     257977,         38.79
229,ICICIBANK,EQ,22-Nov-2005,522.4,520.0,529.5,515.8,519.5,519.95,523.0,926605,4846.11,-,     208772,         22.53
230,ICICIBANK,EQ,23-Nov-2005,519.95,515.8,528.8,515.0,527.65,527.9,526.67,951451,5011.0,-,     413730,         43.48
231,ICICIBANK,EQ,24-Nov-2005,527.9,527.5,543.7,523.25,541.95,538.85,532.04,2192359,11664.15,-,    1079982,         49.26
232,ICICIBANK,EQ,25-Nov-2005,538.85,545.0,555.0,538.25,544.8,544.7,543.67,985050,5355.45,-,     322819,         32.77
233,ICICIBANK,EQ,26-Nov-2005,544.7,546.0,549.0,539.05,541.0,540.65,541.23,395097,2138.37,-,     229886,         58.18
234,ICICIBANK,EQ,28-Nov-2005,540.65,544.0,545.0,536.15,540.0,539.0,540.71,865151,4677.96,-,     415759,         48.06
235,ICICIBANK,EQ,29-Nov-2005,539.0,538.3,540.9,532.2,537.0,536.9,536.96,457800,2458.19,-,     218215,         47.67
236,ICICIBANK,IL,29-Nov-2005,505.0,547.0,547.0,547.0,0.0,547.0,547.0,295923,1618.7,-,     295923,        100.00
237,ICICIBANK,EQ,30-Nov-2005,536.9,540.9,553.8,535.6,536.0,538.05,544.23,896104,4876.87,-,     351710,         39.25
238,ICICIBANK,EQ,01-Dec-2005,538.05,540.0,544.8,537.0,539.0,540.55,540.35,799196,4318.48,-,     381359,         47.72
239,ICICIBANK,EQ,02-Dec-2005,540.55,544.8,556.0,542.0,545.0,544.2,548.94,1274851,6998.18,-,     504937,         39.61
240,ICICIBANK,EQ,05-Dec-2005,544.2,542.0,548.9,530.65,531.15,532.75,537.46,830545,4463.86,-,     337180,         40.60
241,ICICIBANK,EQ,06-Dec-2005,532.75,530.65,536.0,525.0,530.0,529.9,530.22,1240666,6578.24,-,     564646,         45.51
242,ICICIBANK,EQ,07-Dec-2005,529.9,530.0,544.0,524.0,540.0,542.45,536.25,2101117,11267.28,-,     798744,         38.02
243,ICICIBANK,EQ,08-Dec-2005,542.45,544.0,546.5,534.1,538.0,540.2,540.17,1045743,5648.8,-,     377658,         36.11
244,ICICIBANK,EQ,09-Dec-2005,540.2,539.7,550.9,537.15,548.85,549.3,546.49,1080534,5904.99,-,     541249,         50.09
245,ICICIBANK,EQ,12-Dec-2005,549.3,550.9,566.0,550.9,560.0,561.65,558.94,1514023,8462.48,-,     711665,         47.00
246,ICICIBANK,EQ,13-Dec-2005,561.65,562.0,569.8,558.2,561.9,562.4,564.66,1081296,6105.66,-,     311319,         28.79
247,ICICIBANK,EQ,14-Dec-2005,562.4,562.0,574.65,562.0,570.1,571.6,569.65,1218539,6941.41,-,     440618,         36.16
248,ICICIBANK,EQ,15-Dec-2005,571.6,572.8,574.5,559.1,563.5,562.45,565.8,979001,5539.21,-,     395283,         40.38
249,ICICIBANK,EQ,16-Dec-2005,562.45,564.8,594.0,557.5,588.0,586.55,575.49,2624710,15105.02,-,    1197612,         45.63
250,ICICIBANK,EQ,19-Dec-2005,586.55,579.6,586.25,570.55,584.0,584.85,578.32,4583049,26504.83,-,    2183977,         47.65
251,ICICIBANK,EQ,20-Dec-2005,584.85,585.0,586.9,572.35,574.5,575.05,578.57,2074015,11999.66,-,    1018194,         49.09
252,ICICIBANK,EQ,21-Dec-2005,575.05,574.0,590.9,569.5,578.0,575.1,580.78,2883016,16744.1,-,    1170504,         40.60
253,ICICIBANK,EQ,22-Dec-2005,575.1,579.8,582.65,570.55,574.5,573.55,574.34,1422320,8168.97,-,     609962,         42.89
254,ICICIBANK,EQ,23-Dec-2005,573.55,580.0,593.0,571.0,582.95,581.05,580.11,2310454,13403.14,-,     822667,         35.61
255,ICICIBANK,EQ,26-Dec-2005,581.05,582.0,584.0,550.5,559.0,559.55,563.05,2069417,11651.77,-,     613382,         29.64
256,ICICIBANK,EQ,27-Dec-2005,559.55,559.5,580.0,541.15,578.0,578.2,571.99,2791684,15968.29,-,    1404586,         50.31
257,ICICIBANK,EQ,28-Dec-2005,578.2,575.0,586.6,572.25,576.65,576.45,580.2,2945031,17087.15,-,    1268696,         43.08
258,ICICIBANK,EQ,29-Dec-2005,576.45,576.0,582.4,571.3,576.25,573.85,576.44,2756706,15890.77,-,    1630411,         59.14
259,ICICIBANK,EQ,30-Dec-2005,573.85,574.0,590.5,574.0,582.2,585.05,583.63,2177616,12709.18,-,     774401,         35.56
260,ICICIBANK,EQ,02-Jan-2006,585.05,587.7,609.9,587.7,593.95,597.0,599.51,10240898,61395.27,-,7196225,70.27
261,ICICIBANK,EQ,03-Jan-2006,597.0,597.0,608.5,574.6,608.0,606.5,602.31,4660361,28069.82,-,3088938,66.28
262,ICICIBANK,EQ,04-Jan-2006,606.5,611.0,621.0,608.0,612.35,613.7,613.29,5243877,32160.41,-,3861453,73.64
263,ICICIBANK,EQ,05-Jan-2006,613.7,617.9,617.9,594.5,601.15,604.55,605.01,2302357,13929.6,-,569456,24.73
264,ICICIBANK,EQ,06-Jan-2006,604.55,605.8,609.75,594.65,598.5,600.15,602.21,669934,4034.4,-,110071,16.43
265,ICICIBANK,EQ,09-Jan-2006,600.15,601.0,603.7,587.05,590.0,591.2,593.76,1242288,7376.25,-,468934,37.75
266,ICICIBANK,EQ,10-Jan-2006,591.2,593.95,595.0,582.1,586.55,585.25,588.48,1013414,5963.78,-,374149,36.92
267,ICICIBANK,EQ,12-Jan-2006,585.25,585.0,587.0,576.0,578.0,577.8,579.61,829988,4810.67,-,337314,40.64
268,ICICIBANK,EQ,13-Jan-2006,577.8,579.0,591.9,578.0,583.0,584.0,586.55,842148,4939.62,-,304746,36.19
269,ICICIBANK,EQ,16-Jan-2006,584.0,585.0,585.0,565.0,576.0,573.3,572.96,711908,4078.91,-,245443,34.48
270,ICICIBANK,EQ,17-Jan-2006,573.3,574.8,583.9,561.1,562.05,564.4,572.25,869158,4973.74,-,377766,43.46
271,ICICIBANK,EQ,18-Jan-2006,564.4,560.0,567.0,545.0,561.0,559.15,555.18,1935331,10744.49,-,794573,41.06
272,ICICIBANK,EQ,19-Jan-2006,559.15,563.0,574.4,563.0,573.55,569.55,567.98,1581405,8982.12,-,821784,51.97
273,ICICIBANK,EQ,20-Jan-2006,569.55,585.0,585.0,570.1,580.35,579.5,577.27,2140277,12355.11,-,927190,43.32
274,ICICIBANK,EQ,23-Jan-2006,579.5,576.0,578.95,565.0,570.5,570.7,572.77,1053309,6033.05,-,527845,50.11
275,ICICIBANK,EQ,24-Jan-2006,570.7,574.3,578.0,570.1,571.75,573.1,573.24,1706958,9784.96,-,1038695,60.85
276,ICICIBANK,EQ,25-Jan-2006,573.1,574.05,605.85,573.25,597.05,597.05,593.8,6084144,36127.82,-,3709345,60.97
277,ICICIBANK,EQ,27-Jan-2006,597.05,605.3,621.4,601.0,617.4,619.55,610.62,2796068,17073.35,-,1858364,66.46
278,ICICIBANK,EQ,30-Jan-2006,619.55,601.0,620.0,530.05,616.0,614.65,613.13,1165407,7145.45,-,566977,48.65
279,ICICIBANK,EQ,31-Jan-2006,614.65,619.8,619.8,608.0,609.0,609.25,610.27,554779,3385.64,-,222518,40.11
280,ICICIBANK,EQ,01-Feb-2006,609.25,619.9,619.9,588.6,592.0,590.2,597.63,871478,5208.21,-,370892,42.56
281,ICICIBANK,EQ,02-Feb-2006,590.2,608.0,608.0,576.1,579.25,579.95,587.27,1276344,7495.61,-,568067,44.51
282,ICICIBANK,EQ,03-Feb-2006,579.95,579.95,580.0,566.1,571.1,570.95,570.01,700190,3991.13,-,273824,39.11
283,ICICIBANK,EQ,06-Feb-2006,570.95,580.0,612.35,580.0,610.1,608.25,605.08,5662868,34265.1,-,3364376,59.41
284,ICICIBANK,EQ,07-Feb-2006,608.25,606.4,635.0,602.0,624.9,628.75,623.15,4782786,29804.14,-,2785475,58.24
285,ICICIBANK,EQ,08-Feb-2006,628.75,621.1,630.0,607.0,620.0,619.1,619.95,2765197,17142.9,-,1524640,55.14
286,ICICIBANK,EQ,10-Feb-2006,619.1,623.0,623.0,597.25,603.55,603.8,606.1,1211479,7342.75,-,447813,36.96
287,ICICIBANK,EQ,13-Feb-2006,603.8,605.5,614.0,605.05,610.5,609.5,610.28,437176,2667.98,-,117945,26.98
288,ICICIBANK,EQ,14-Feb-2006,609.5,609.5,611.0,593.55,599.0,596.5,602.13,631244,3800.9,-,265469,42.05
289,ICICIBANK,EQ,15-Feb-2006,596.5,511.8,606.0,511.8,597.0,598.3,600.57,502362,3017.03,-,160073,31.86
290,ICICIBANK,EQ,16-Feb-2006,598.3,576.0,601.9,576.0,599.5,597.8,598.1,311793,1864.84,-,130030,41.7
291,ICICIBANK,EQ,17-Feb-2006,597.8,601.0,604.25,585.0,588.45,586.9,591.54,988953,5850.03,-,531391,53.73
292,ICICIBANK,EQ,20-Feb-2006,586.9,592.0,594.9,571.55,593.5,591.75,584.72,618167,3614.53,-,325980,52.73
293,ICICIBANK,EQ,21-Feb-2006,591.75,594.9,599.1,590.0,592.5,593.35,594.93,475051,2826.23,-,181918,38.29
294,ICICIBANK,EQ,22-Feb-2006,593.35,593.0,597.0,586.05,595.15,594.3,591.58,577301,3415.21,-,257337,44.58
295,ICICIBANK,EQ,23-Feb-2006,594.3,597.0,602.0,583.1,589.0,588.4,593.44,864713,5131.54,-,394881,45.67
296,ICICIBANK,EQ,24-Feb-2006,588.4,588.0,596.0,583.2,592.5,593.8,589.29,623458,3673.96,-,296688,47.59
297,ICICIBANK,EQ,27-Feb-2006,593.8,593.8,598.3,592.7,595.1,596.6,595.68,268049,1596.7,-,122184,45.58
298,ICICIBANK,EQ,28-Feb-2006,596.6,596.6,619.0,596.6,614.2,615.25,608.67,1565579,9529.15,-,899404,57.45
299,ICICIBANK,EQ,01-Mar-2006,615.25,600.0,620.0,560.0,614.4,616.55,613.05,1160638,7115.24,-,769916,66.34
300,ICICIBANK,IL,01-Mar-2006,547.0,633.0,633.0,633.0,0.0,633.0,633.0,385000,2437.05,-,385000,100.0
301,ICICIBANK,EQ,02-Mar-2006,616.55,620.0,628.85,608.3,619.1,620.4,622.58,1927341,11999.15,-,970933,50.38
302,ICICIBANK,EQ,03-Mar-2006,620.4,620.0,623.9,609.05,613.5,611.8,615.49,464912,2861.49,-,96746,20.81
303,ICICIBANK,EQ,06-Mar-2006,611.8,615.0,618.9,610.25,612.5,613.35,614.61,453033,2784.39,-,209825,46.32
304,ICICIBANK,EQ,07-Mar-2006,613.35,612.0,613.7,597.2,598.0,600.9,602.44,999838,6023.44,-,548167,54.83
305,ICICIBANK,EQ,08-Mar-2006,600.9,595.0,603.0,590.0,595.7,591.55,594.59,607048,3609.48,-,255776,42.13
306,ICICIBANK,EQ,09-Mar-2006,591.55,596.0,604.5,580.0,598.9,601.75,591.55,754433,4462.81,-,345675,45.82
307,ICICIBANK,EQ,10-Mar-2006,601.75,603.7,616.0,595.0,614.0,614.35,610.99,1053207,6435.01,-,646555,61.39
308,ICICIBANK,EQ,13-Mar-2006,614.35,615.0,617.95,601.2,607.5,605.2,609.47,506930,3089.6,-,225687,44.52
309,ICICIBANK,EQ,14-Mar-2006,605.2,605.0,640.0,602.0,603.0,606.9,610.76,1013118,6187.77,-,436004,43.04
310,ICICIBANK,EQ,16-Mar-2006,606.9,613.25,613.25,603.65,610.0,610.8,608.29,632116,3845.11,-,312222,49.39
311,ICICIBANK,EQ,17-Mar-2006,610.8,606.0,612.5,605.0,607.0,606.15,609.11,355569,2165.82,-,143500,40.36
312,ICICIBANK,EQ,20-Mar-2006,606.15,606.15,609.0,603.1,605.0,606.25,606.26,257475,1560.96,-,130634,50.74
313,ICICIBANK,EQ,21-Mar-2006,606.25,609.0,609.0,595.0,598.5,598.2,603.33,789786,4764.99,-,541857,68.61
314,ICICIBANK,EQ,22-Mar-2006,598.2,596.0,598.0,588.1,591.55,592.75,593.29,448629,2661.65,-,176880,39.43
315,ICICIBANK,EQ,23-Mar-2006,592.75,597.9,603.9,590.5,592.0,592.5,594.62,447336,2659.96,-,180468,40.34
316,ICICIBANK,EQ,24-Mar-2006,592.5,590.0,600.0,588.0,598.5,598.65,596.71,398391,2377.25,-,189639,47.6
317,ICICIBANK,EQ,27-Mar-2006,598.65,600.0,610.0,598.0,599.95,598.95,600.89,469878,2823.44,-,238814,50.82
318,ICICIBANK,EQ,28-Mar-2006,598.95,602.0,604.0,590.0,592.2,592.6,594.86,418702,2490.69,-,236072,56.38
319,ICICIBANK,EQ,29-Mar-2006,592.6,594.0,601.3,590.0,601.1,598.5,593.84,367386,2181.68,-,212633,57.88
320,ICICIBANK,EQ,30-Mar-2006,598.5,601.3,604.8,584.1,589.0,588.7,593.79,586035,3479.8,-,292862,49.97
321,ICICIBANK,IL,30-Mar-2006,633.0,606.0,606.0,606.0,0.0,606.0,606.0,1894701,11481.89,-,1894701,100.0
322,ICICIBANK,EQ,31-Mar-2006,588.7,595.0,599.0,588.0,589.15,589.05,591.62,420678,2488.82,-,200521,47.67
323,ICICIBANK,EQ,03-Apr-2006,589.05,599.0,611.95,592.0,603.9,604.0,603.77,809778,4889.21,-,329360,40.67
324,ICICIBANK,EQ,04-Apr-2006,604.0,611.95,628.0,611.95,613.5,613.75,618.7,1098888,6798.87,-,336083,30.58
325,ICICIBANK,IL,04-Apr-2006,606.0,630.0,630.0,630.0,0.0,630.0,630.0,112000,705.6,-,112000,100.0
326,ICICIBANK,EQ,05-Apr-2006,613.75,615.0,625.0,610.0,621.8,621.9,620.09,1052287,6525.12,-,555889,52.83
327,ICICIBANK,EQ,07-Apr-2006,621.9,619.95,623.0,597.2,600.2,599.7,609.74,790297,4818.77,-,354989,44.92
328,ICICIBANK,EQ,10-Apr-2006,599.7,598.0,609.0,588.1,595.95,597.45,594.19,479501,2849.14,-,125905,26.26
329,ICICIBANK,EQ,12-Apr-2006,597.45,592.2,599.0,580.0,583.0,582.55,590.0,675557,3985.8,-,355594,52.64
330,ICICIBANK,EQ,13-Apr-2006,582.55,584.4,584.4,560.25,563.2,563.35,569.11,1014183,5771.81,-,558441,55.06
331,ICICIBANK,EQ,17-Apr-2006,563.35,570.0,584.85,566.0,584.75,580.7,573.4,430682,2469.53,-,130108,30.21
332,ICICIBANK,EQ,18-Apr-2006,580.7,584.85,595.0,583.0,586.0,586.5,587.79,722980,4249.59,-,366280,50.66
333,ICICIBANK,EQ,19-Apr-2006,586.5,594.7,594.7,584.1,588.0,588.05,588.91,604346,3559.05,-,318940,52.77
334,ICICIBANK,EQ,20-Apr-2006,588.05,586.0,590.0,582.0,588.55,588.65,586.42,273611,1604.52,-,116995,42.76
335,ICICIBANK,EQ,21-Apr-2006,588.65,592.0,598.0,585.0,592.05,591.6,589.44,472086,2782.64,-,234179,49.61
336,ICICIBANK,EQ,24-Apr-2006,591.6,593.0,593.0,480.0,569.0,569.05,576.6,981379,5658.61,-,614345,62.6
337,ICICIBANK,EQ,25-Apr-2006,569.05,571.0,576.15,557.0,562.0,559.8,566.02,1292722,7317.06,-,799901,61.88
338,ICICIBANK,EQ,26-Apr-2006,559.8,560.0,569.9,560.0,568.0,567.5,566.42,503284,2850.72,-,235605,46.81
339,ICICIBANK,EQ,27-Apr-2006,567.5,568.0,577.85,561.3,577.0,566.15,570.29,572872,3267.01,-,224120,39.12
340,ICICIBANK,EQ,28-Apr-2006,566.15,551.0,579.0,521.0,576.0,576.8,564.88,516883,2919.78,-,195949,37.91
341,ICICIBANK,EQ,29-Apr-2006,576.8,580.0,635.0,580.0,597.75,591.75,589.59,480191,2831.14,-,161161,33.56
342,ICICIBANK,EQ,02-May-2006,591.75,600.1,625.85,600.1,618.7,621.95,615.38,1621966,9981.17,-,1051648,64.84
343,ICICIBANK,EQ,03-May-2006,621.95,625.85,652.4,615.1,647.9,649.1,636.25,2088844,13290.37,-,1032005,49.41
344,ICICIBANK,EQ,04-May-2006,649.1,615.1,664.8,600.0,660.2,659.9,655.35,2300663,15077.32,-,1220799,53.06
345,ICICIBANK,EQ,05-May-2006,659.9,660.1,664.85,635.6,638.05,638.2,646.57,1114486,7205.89,-,565578,50.75
346,ICICIBANK,EQ,08-May-2006,638.2,648.95,653.5,631.65,635.0,634.55,637.21,710909,4530.02,-,457038,64.29
347,ICICIBANK,EQ,09-May-2006,634.55,642.0,642.0,629.5,639.5,639.15,636.1,878841,5590.3,-,541235,61.59
348,ICICIBANK,EQ,10-May-2006,639.15,640.0,670.0,636.05,661.8,660.75,660.43,2505602,16547.74,-,1339650,53.47
349,ICICIBANK,EQ,11-May-2006,660.75,658.0,675.0,649.0,657.9,662.55,664.18,955510,6346.32,-,402226,42.1
350,ICICIBANK,EQ,12-May-2006,662.55,655.1,655.1,632.1,637.05,636.05,644.1,781811,5035.65,-,350232,44.8
351,ICICIBANK,EQ,15-May-2006,636.05,640.0,640.0,611.05,619.0,619.3,625.28,527338,3297.35,-,204720,38.82
352,ICICIBANK,EQ,16-May-2006,619.3,615.0,625.05,597.0,622.0,618.6,608.61,569507,3466.05,-,259311,45.53
353,ICICIBANK,EQ,17-May-2006,618.6,625.0,635.7,620.05,635.0,626.05,626.73,1058370,6633.17,-,623499,58.91
354,ICICIBANK,IL,17-May-2006,630.0,632.0,632.0,632.0,0.0,632.0,632.0,1000000,6320.0,-,1000000,100.0
355,ICICIBANK,EQ,18-May-2006,626.05,626.0,626.0,581.0,588.0,593.75,600.4,915670,5497.71,-,464333,50.71
356,ICICIBANK,EQ,19-May-2006,593.75,600.0,618.5,550.0,578.25,555.45,573.75,737123,4229.22,-,332433,45.1
357,ICICIBANK,EQ,22-May-2006,555.45,585.0,592.0,492.0,557.0,553.15,546.07,1195781,6529.83,-,657725,55.0
358,ICICIBANK,EQ,23-May-2006,553.15,559.9,590.0,525.0,589.0,577.35,555.99,780786,4341.1,-,351068,44.96
359,ICICIBANK,EQ,24-May-2006,577.35,577.35,612.85,552.3,562.9,568.9,588.13,1616715,9508.45,-,842535,52.11
360,ICICIBANK,IL,24-May-2006,632.0,615.0,615.0,615.0,0.0,615.0,615.0,75000,461.25,-,75000,100.0
361,ICICIBANK,EQ,25-May-2006,568.9,558.1,572.0,546.0,561.7,558.95,559.66,2611757,14616.89,-,1589878,60.87
362,ICICIBANK,EQ,26-May-2006,558.95,572.0,579.8,561.05,563.5,563.75,568.34,637877,3625.3,-,222249,34.84
363,ICICIBANK,EQ,29-May-2006,563.75,567.0,574.4,561.15,568.3,569.3,568.03,308666,1753.31,-,91784,29.74
364,ICICIBANK,EQ,30-May-2006,569.3,574.4,574.9,560.2,574.0,569.9,570.23,516752,2946.67,-,283477,54.86
365,ICICIBANK,IL,30-May-2006,615.0,580.75,580.75,580.75,0.0,580.75,580.75,100000,580.75,-,100000,100.0
366,ICICIBANK,EQ,31-May-2006,569.9,568.7,568.7,530.0,540.0,537.5,538.83,1326689,7148.63,-,880849,66.39
367,ICICIBANK,EQ,01-Jun-2006,537.5,542.0,551.0,531.15,532.0,534.3,540.73,791136,4277.89,-,269114,34.02
368,ICICIBANK,EQ,02-Jun-2006,534.3,532.0,554.0,530.0,553.0,551.95,545.5,596041,3251.38,-,174312,29.24
369,ICICIBANK,EQ,05-Jun-2006,551.95,553.0,557.0,530.0,543.9,538.1,544.03,608690,3311.46,-,108603,17.84
370,ICICIBANK,EQ,06-Jun-2006,538.1,532.0,553.8,511.65,536.2,542.7,540.74,631167,3412.99,-,107997,17.11
371,ICICIBANK,EQ,07-Jun-2006,542.7,524.1,543.7,524.0,533.5,533.25,532.88,451151,2404.09,-,137066,30.38
372,ICICIBANK,IL,07-Jun-2006,580.75,544.0,544.0,544.0,0.0,544.0,544.0,132800,722.43,-,132800,100.0
373,ICICIBANK,EQ,08-Jun-2006,533.25,531.55,531.55,490.25,500.1,498.85,511.35,1200838,6140.48,-,674345,56.16
374,ICICIBANK,EQ,09-Jun-2006,498.85,496.0,511.0,479.0,498.6,500.35,497.38,1689696,8404.19,-,724533,42.88
375,ICICIBANK,IL,09-Jun-2006,544.0,485.0,485.0,485.0,0.0,485.0,485.0,5804,28.15,-,5804,100.0
376,ICICIBANK,EQ,12-Jun-2006,500.35,502.0,505.0,465.0,467.0,474.2,482.41,1039818,5016.22,-,495382,47.64
377,ICICIBANK,EQ,13-Jun-2006,474.2,465.0,465.9,435.0,462.0,459.65,451.7,634376,2865.46,-,244866,38.6
378,ICICIBANK,EQ,14-Jun-2006,459.65,465.0,480.0,441.1,464.7,451.2,461.85,933098,4309.49,-,347570,37.25
379,ICICIBANK,EQ,15-Jun-2006,451.2,464.05,486.65,460.9,485.2,482.55,475.85,784197,3731.63,-,353051,45.02
380,ICICIBANK,EQ,16-Jun-2006,482.55,490.0,524.9,490.0,510.25,506.7,506.28,843242,4269.14,-,350685,41.59
381,ICICIBANK,EQ,19-Jun-2006,506.7,498.0,509.7,493.0,500.0,501.0,500.26,486516,2433.82,-,146713,30.16
382,ICICIBANK,EQ,20-Jun-2006,501.0,493.0,494.7,481.1,488.75,490.45,487.72,480055,2341.34,-,174001,36.25
383,ICICIBANK,EQ,21-Jun-2006,490.45,494.7,499.9,488.25,495.0,494.4,495.33,382067,1892.49,-,86285,22.58
384,ICICIBANK,EQ,22-Jun-2006,494.4,499.9,521.5,499.9,512.1,512.25,512.9,701820,3599.66,-,291185,41.49
385,ICICIBANK,EQ,23-Jun-2006,512.25,509.0,509.8,488.0,509.8,508.05,504.45,807822,4075.05,-,381603,47.24
386,ICICIBANK,EQ,25-Jun-2006,508.05,514.0,514.0,505.0,507.0,507.2,508.17,43487,220.99,-,17264,39.7
387,ICICIBANK,EQ,26-Jun-2006,507.2,507.0,513.0,486.55,492.1,490.75,497.02,710673,3532.15,-,323535,45.53
388,ICICIBANK,EQ,27-Jun-2006,490.75,500.0,505.85,481.0,499.6,498.6,492.36,924295,4550.9,-,445010,48.15
389,ICICIBANK,EQ,28-Jun-2006,498.6,497.0,506.05,485.0,488.0,488.9,492.3,1343077,6611.99,-,756891,56.35
390,ICICIBANK,IL,28-Jun-2006,485.0,498.0,498.0,498.0,0.0,498.0,498.0,1000000,4980.0,-,1000000,100.0
391,ICICIBANK,EQ,29-Jun-2006,488.9,493.0,502.0,465.7,468.0,479.05,485.26,6415131,31129.85,-,3089895,48.17
392,ICICIBANK,EQ,30-Jun-2006,479.05,494.4,505.0,475.0,489.05,487.9,493.88,1130022,5580.9,-,448670,39.7
393,ICICIBANK,EQ,03-Jul-2006,487.9,499.0,518.35,485.0,488.45,489.1,489.56,490577,2401.66,-,161662,32.95
394,ICICIBANK,EQ,04-Jul-2006,489.1,495.4,499.0,488.05,489.2,490.35,491.61,402267,1977.58,-,117782,29.28
395,ICICIBANK,EQ,05-Jul-2006,490.35,492.0,503.7,488.0,502.95,499.9,496.07,569797,2826.61,-,205382,36.04
396,ICICIBANK,IL,05-Jul-2006,498.0,498.0,498.0,498.0,0.0,498.0,498.0,50000,249.0,-,50000,100.0
397,ICICIBANK,EQ,06-Jul-2006,499.9,494.0,495.0,482.0,486.0,485.55,486.46,723633,3520.16,-,262175,36.23
398,ICICIBANK,EQ,07-Jul-2006,485.55,491.2,504.0,477.0,502.0,498.95,497.74,6567878,32690.86,-,5989232,91.19
399,ICICIBANK,EQ,10-Jul-2006,498.95,496.0,498.0,487.0,492.05,493.0,490.95,537611,2639.38,-,166492,30.97
400,ICICIBANK,EQ,11-Jul-2006,493.0,490.5,495.0,485.0,486.9,487.95,489.07,302941,1481.61,-,47443,15.66
401,ICICIBANK,EQ,12-Jul-2006,487.95,485.0,496.0,464.95,487.0,488.3,484.61,461046,2234.27,-,180202,39.09
402,ICICIBANK,EQ,13-Jul-2006,488.3,488.0,498.0,482.2,496.1,495.75,492.64,763228,3759.93,-,346909,45.45
403,ICICIBANK,EQ,14-Jul-2006,495.75,482.2,492.0,472.5,486.0,485.9,486.19,321114,1561.23,-,102474,31.91
404,ICICIBANK,EQ,17-Jul-2006,485.9,500.0,500.0,475.2,477.05,477.25,479.2,304834,1460.76,-,81951,26.88
405,ICICIBANK,EQ,18-Jul-2006,477.25,477.0,478.0,467.45,477.05,472.6,472.08,319254,1507.15,-,84145,26.36
406,ICICIBANK,EQ,19-Jul-2006,472.6,476.1,481.9,465.1,468.0,467.75,470.92,413670,1948.06,-,201657,48.75
407,ICICIBANK,EQ,20-Jul-2006,467.75,477.2,494.9,477.2,491.5,492.05,491.32,620363,3047.99,-,272336,43.9
408,ICICIBANK,IL,20-Jul-2006,498.0,502.0,505.0,502.0,0.0,505.0,503.69,228368,1150.26,-,228368,100.0
409,ICICIBANK,EQ,21-Jul-2006,492.05,491.4,491.4,478.1,485.4,484.75,482.95,300189,1449.77,-,108493,36.14
410,ICICIBANK,EQ,24-Jul-2006,484.75,486.0,518.0,481.0,514.0,514.85,509.53,2124744,10826.13,-,892492,42.0
411,ICICIBANK,IL,24-Jul-2006,505.0,517.0,520.0,517.0,0.0,520.0,517.63,144000,745.38,-,144000,100.0
412,ICICIBANK,EQ,25-Jul-2006,514.85,519.95,545.0,519.95,539.95,542.4,534.61,2936402,15698.35,-,1389384,47.32
413,ICICIBANK,EQ,26-Jul-2006,542.4,545.0,548.9,530.35,541.25,540.5,538.36,1562975,8414.36,-,807799,51.68
414,ICICIBANK,EQ,27-Jul-2006,540.5,541.0,552.0,536.1,539.5,543.6,542.77,2533344,13750.17,-,1536035,60.63
415,ICICIBANK,EQ,28-Jul-2006,543.6,532.3,545.9,532.3,542.0,542.55,541.74,1035242,5608.27,-,506887,48.96
416,ICICIBANK,EQ,31-Jul-2006,542.55,544.9,568.0,544.55,550.1,553.85,557.71,1431878,7985.7,-,459328,32.08
417,ICICIBANK,EQ,01-Aug-2006,553.85,554.0,554.0,541.9,550.0,549.65,548.28,636281,3488.62,-,165535,26.02
418,ICICIBANK,EQ,02-Aug-2006,549.65,550.0,552.4,541.05,546.95,548.0,547.87,490473,2687.14,-,173265,35.33
419,ICICIBANK,EQ,03-Aug-2006,548.0,552.0,565.85,550.3,555.25,557.6,559.52,923394,5166.56,-,288396,31.23
420,ICICIBANK,EQ,04-Aug-2006,557.6,557.6,561.8,542.0,548.0,547.0,553.5,670525,3711.33,-,173246,25.84
421,ICICIBANK,EQ,07-Aug-2006,547.0,552.0,571.0,535.0,570.6,567.85,561.31,1654283,9285.61,-,739704,44.71
422,ICICIBANK,EQ,08-Aug-2006,567.85,570.0,599.5,569.9,595.0,595.55,590.64,4958084,29284.55,-,3027823,61.07
423,ICICIBANK,EQ,09-Aug-2006,595.55,591.5,605.6,586.0,589.0,590.3,597.65,4176619,24961.56,-,2535743,60.71
424,ICICIBANK,EQ,10-Aug-2006,590.3,592.0,605.0,584.0,599.1,599.25,593.93,3430724,20376.18,-,2036516,59.36
425,ICICIBANK,EQ,11-Aug-2006,599.25,600.0,602.0,582.0,584.0,584.5,589.68,497779,2935.32,-,145830,29.3
426,ICICIBANK,EQ,14-Aug-2006,584.5,584.5,590.35,575.0,577.0,576.75,581.05,436807,2538.05,-,172032,39.38
427,ICICIBANK,EQ,16-Aug-2006,576.75,585.0,595.9,580.0,588.5,590.7,589.92,631957,3728.01,-,200143,31.67
428,ICICIBANK,EQ,17-Aug-2006,590.7,593.0,600.0,589.0,591.0,591.5,593.89,661816,3930.45,-,212150,32.06
429,ICICIBANK,EQ,18-Aug-2006,591.5,592.0,595.0,578.25,588.1,588.35,588.72,483628,2847.21,-,206390,42.68
430,ICICIBANK,EQ,21-Aug-2006,588.35,592.0,597.0,582.35,595.5,594.65,591.71,455430,2694.83,-,194195,42.64
431,ICICIBANK,EQ,22-Aug-2006,594.65,598.0,604.75,592.5,594.0,595.15,600.13,1835173,11013.34,-,937225,51.07
432,ICICIBANK,IL,22-Aug-2006,520.0,628.15,628.15,628.15,0.0,628.15,628.15,50000,314.08,-,50000,100.0
433,ICICIBANK,EQ,23-Aug-2006,595.15,593.0,598.0,586.15,593.0,590.6,592.64,445979,2643.04,-,191275,42.89
434,ICICIBANK,EQ,24-Aug-2006,590.6,590.0,591.95,580.0,591.5,589.15,584.42,669375,3911.96,-,278376,41.59
435,ICICIBANK,IL,24-Aug-2006,628.15,619.0,619.0,619.0,0.0,619.0,619.0,2000000,12380.0,-,2000000,100.0
436,ICICIBANK,EQ,25-Aug-2006,589.15,612.0,648.0,586.1,589.0,588.95,593.06,540106,3203.15,-,210561,38.99
437,ICICIBANK,EQ,28-Aug-2006,588.95,592.0,592.0,585.1,587.35,587.75,588.23,289278,1701.61,-,121442,41.98
438,ICICIBANK,EQ,29-Aug-2006,587.75,592.0,597.1,589.85,594.25,595.3,594.57,625915,3721.5,-,289661,46.28
439,ICICIBANK,IL,29-Aug-2006,619.0,625.0,625.0,625.0,0.0,625.0,625.0,191632,1197.7,-,191632,100.0
440,ICICIBANK,EQ,30-Aug-2006,595.3,596.05,599.0,590.9,592.05,593.9,594.69,333959,1986.02,-,179469,53.74
441,ICICIBANK,EQ,31-Aug-2006,593.9,596.0,602.65,594.0,595.15,597.45,599.57,3634625,21792.09,-,2888997,79.49
442,ICICIBANK,EQ,01-Sep-2006,597.45,594.9,611.9,588.5,609.5,609.6,607.57,1711581,10398.98,-,1085865,63.44
443,ICICIBANK,EQ,04-Sep-2006,609.6,618.0,625.0,615.1,619.25,622.75,619.25,1094027,6774.79,-,636493,58.18
444,ICICIBANK,EQ,05-Sep-2006,622.75,624.85,624.85,611.0,613.0,613.15,616.15,269970,1663.42,-,94271,34.92
445,ICICIBANK,EQ,06-Sep-2006,613.15,618.5,619.9,606.2,611.0,610.45,612.84,650651,3987.48,-,237866,36.56
446,ICICIBANK,EQ,07-Sep-2006,610.45,610.5,610.5,602.0,607.05,607.1,606.1,392532,2379.14,-,162741,41.46
447,ICICIBANK,IL,07-Sep-2006,625.0,620.0,620.0,620.0,0.0,620.0,620.0,120000,744.0,-,120000,100.0
448,ICICIBANK,EQ,08-Sep-2006,607.1,608.0,618.9,601.1,606.0,606.4,607.67,475081,2886.92,-,220185,46.35
449,ICICIBANK,EQ,11-Sep-2006,606.4,607.3,608.7,593.05,595.0,596.75,599.41,640337,3838.24,-,351088,54.83
450,ICICIBANK,EQ,12-Sep-2006,596.75,593.05,607.5,585.1,605.65,604.75,601.23,1420036,8537.61,-,827589,58.28
451,ICICIBANK,EQ,13-Sep-2006,604.75,605.1,634.5,605.1,633.0,631.75,622.29,1917703,11933.68,-,1088418,56.76
452,ICICIBANK,EQ,14-Sep-2006,631.75,635.0,655.0,631.75,653.0,650.35,643.86,1495926,9631.66,-,644568,43.09
453,ICICIBANK,EQ,15-Sep-2006,650.35,645.1,649.9,641.0,648.0,646.6,645.36,704063,4543.75,-,248277,35.26
454,ICICIBANK,EQ,18-Sep-2006,646.6,645.1,652.5,637.35,646.3,643.65,644.76,808488,5212.8,-,374938,46.38
455,ICICIBANK,EQ,19-Sep-2006,643.65,642.1,654.0,641.1,642.05,646.75,646.83,656623,4247.2,-,296744,45.19
456,ICICIBANK,EQ,20-Sep-2006,646.75,636.0,656.0,634.5,655.95,651.2,644.72,607059,3913.86,-,284930,46.94
457,ICICIBANK,EQ,21-Sep-2006,651.2,665.0,669.75,653.65,663.25,663.4,660.15,862194,5691.76,-,462265,53.61
458,ICICIBANK,EQ,22-Sep-2006,663.4,663.0,663.0,640.5,655.4,654.9,653.32,405489,2649.14,-,145771,35.95
459,ICICIBANK,EQ,25-Sep-2006,654.9,576.65,724.4,576.65,655.0,658.65,664.12,1047971,6959.77,-,423066,40.37
460,ICICIBANK,EQ,26-Sep-2006,658.65,636.0,680.0,636.0,677.8,678.25,668.94,1107678,7409.72,-,484892,43.78
461,ICICIBANK,EQ,27-Sep-2006,678.25,661.25,694.0,661.25,690.0,688.25,689.43,985793,6796.34,-,334008,33.88
462,ICICIBANK,EQ,28-Sep-2006,688.25,690.1,712.9,680.35,702.0,708.8,705.2,2620583,18480.4,-,1161576,44.33
463,ICICIBANK,EQ,29-Sep-2006,708.8,795.15,795.15,694.3,697.55,699.6,701.24,870864,6106.85,-,284359,32.65
464,ICICIBANK,EQ,03-Oct-2006,699.6,700.0,708.0,691.5,692.1,697.75,700.97,760505,5330.94,-,311656,40.98
465,ICICIBANK,EQ,04-Oct-2006,697.75,675.6,698.0,675.6,693.55,695.05,693.57,711991,4938.19,-,262346,36.85
466,ICICIBANK,EQ,05-Oct-2006,695.05,696.0,709.8,696.0,706.0,705.85,706.05,939896,6636.14,-,456730,48.59
467,ICICIBANK,EQ,06-Oct-2006,705.85,700.0,708.9,700.0,701.0,702.45,704.59,822119,5792.6,-,417775,50.82
468,ICICIBANK,EQ,09-Oct-2006,702.45,697.1,704.0,695.3,698.0,698.6,700.09,386519,2705.98,-,143556,37.14
469,ICICIBANK,EQ,10-Oct-2006,698.6,699.1,701.95,692.35,697.4,695.5,696.68,394582,2748.96,-,149689,37.94
470,ICICIBANK,EQ,11-Oct-2006,695.5,703.0,703.0,682.5,690.95,687.0,690.76,595200,4111.38,-,287235,48.26
471,ICICIBANK,EQ,12-Oct-2006,687.0,689.0,693.4,672.3,692.0,690.4,684.93,563477,3859.41,-,204036,36.21
472,ICICIBANK,EQ,13-Oct-2006,690.4,704.0,704.2,692.0,693.5,694.9,696.47,577061,4019.04,-,281615,48.8
473,ICICIBANK,EQ,16-Oct-2006,694.9,703.5,722.7,694.3,719.0,720.3,711.28,1628702,11584.69,-,780442,47.92
474,ICICIBANK,EQ,17-Oct-2006,720.3,724.5,729.45,713.0,725.15,726.3,719.35,1342097,9654.35,-,702023,52.31
475,ICICIBANK,EQ,18-Oct-2006,726.3,720.0,746.85,720.0,744.9,744.55,737.43,1480325,10916.39,-,828831,55.99
476,ICICIBANK,IL,18-Oct-2006,620.0,749.25,749.25,749.25,0.0,749.25,749.25,18530,138.84,-,18530,100.0
477,ICICIBANK,EQ,19-Oct-2006,744.55,747.0,747.0,735.15,739.0,741.75,738.99,552478,4082.74,-,235137,42.56
478,ICICIBANK,EQ,20-Oct-2006,741.75,745.0,746.0,726.3,739.0,741.5,740.7,627916,4650.97,-,280550,44.68
479,ICICIBANK,EQ,21-Oct-2006,741.5,743.9,746.0,732.55,736.15,739.3,740.76,50362,373.06,-,17320,34.39
480,ICICIBANK,EQ,23-Oct-2006,739.3,740.0,741.7,719.0,721.8,720.55,726.65,492184,3576.43,-,295722,60.08
481,ICICIBANK,EQ,26-Oct-2006,720.55,725.55,767.0,725.55,761.0,759.35,749.21,2449797,18354.22,-,1427638,58.28
482,ICICIBANK,IL,26-Oct-2006,749.25,750.0,750.0,750.0,0.0,750.0,750.0,131737,988.03,-,131737,100.0
483,ICICIBANK,EQ,27-Oct-2006,759.35,760.0,765.0,751.3,759.3,758.55,758.0,1323126,10029.35,-,761448,57.55
484,ICICIBANK,EQ,30-Oct-2006,758.55,758.0,791.9,749.1,787.0,787.9,776.57,1743286,13537.82,-,798845,45.82
485,ICICIBANK,EQ,31-Oct-2006,787.9,794.85,794.85,760.0,774.6,777.15,782.0,1605597,12555.84,-,526602,32.8
486,ICICIBANK,EQ,01-Nov-2006,777.15,784.9,784.9,771.15,777.25,778.15,777.07,936459,7276.9,-,395197,42.2
487,ICICIBANK,EQ,02-Nov-2006,778.15,760.0,784.8,760.0,778.0,779.6,778.75,790336,6154.71,-,395127,49.99
488,ICICIBANK,EQ,03-Nov-2006,779.6,784.0,784.0,768.35,777.0,772.75,775.13,747584,5794.72,-,343422,45.94
489,ICICIBANK,EQ,06-Nov-2006,772.75,778.0,778.0,765.05,770.0,767.65,768.88,367013,2821.9,-,163947,44.67
490,ICICIBANK,IL,06-Nov-2006,750.0,775.0,775.0,775.0,0.0,775.0,775.0,44416,344.22,-,44416,100.0
491,ICICIBANK,EQ,07-Nov-2006,767.65,772.0,776.95,765.0,772.3,770.75,770.55,623862,4807.14,-,263032,42.16
492,ICICIBANK,EQ,08-Nov-2006,770.75,770.75,795.0,758.35,785.0,785.05,774.64,1148535,8897.03,-,472731,41.16
493,ICICIBANK,EQ,09-Nov-2006,785.05,793.8,804.8,787.2,796.5,800.35,797.72,1328969,10601.4,-,480099,36.13
494,ICICIBANK,EQ,10-Nov-2006,800.35,805.0,838.45,797.0,835.0,830.95,823.72,2392109,19704.37,-,874086,36.54
495,ICICIBANK,EQ,13-Nov-2006,830.95,839.8,850.0,827.0,840.0,841.0,840.75,1329202,11175.33,-,379761,28.57
496,ICICIBANK,EQ,14-Nov-2006,841.0,844.9,860.0,839.0,860.0,856.9,852.02,1981230,16880.41,-,582975,29.42
497,ICICIBANK,EQ,15-Nov-2006,856.9,854.9,886.9,851.1,880.3,880.5,874.6,3297275,28837.94,-,1524247,46.23
498,ICICIBANK,EQ,16-Nov-2006,880.5,886.0,925.0,876.2,878.5,887.35,904.15,6038050,54592.9,-,2420720,40.09
499,ICICIBANK,EQ,17-Nov-2006,887.35,890.0,899.9,870.05,882.0,876.55,881.54,3606557,31793.32,-,1150202,31.89
500,ICICIBANK,EQ,20-Nov-2006,876.55,861.0,880.0,835.1,858.0,859.2,852.22,3905076,33279.83,-,1773195,45.41
501,ICICIBANK,EQ,21-Nov-2006,859.2,877.75,877.75,862.1,872.0,872.35,870.3,1355860,11799.98,-,487285,35.94
502,ICICIBANK,EQ,22-Nov-2006,872.35,879.9,889.9,872.35,880.0,880.05,881.86,1514207,13353.2,-,508054,33.55
503,ICICIBANK,IL,22-Nov-2006,775.0,876.0,876.0,876.0,0.0,876.0,876.0,12802000,112145.52,-,12802000,100.0
504,ICICIBANK,EQ,23-Nov-2006,880.05,887.5,887.5,870.35,875.0,876.0,877.34,1618099,14196.16,-,677648,41.88
505,ICICIBANK,EQ,24-Nov-2006,876.0,875.0,880.0,869.0,873.0,872.85,874.43,1030173,9008.09,-,539193,52.34
506,ICICIBANK,EQ,27-Nov-2006,872.85,876.5,887.75,873.1,882.0,883.05,880.59,1122688,9886.26,-,534354,47.6
507,ICICIBANK,EQ,28-Nov-2006,883.05,877.0,877.0,855.5,861.0,861.3,863.35,1685529,14552.02,-,823907,48.88
508,ICICIBANK,IL,28-Nov-2006,876.0,870.0,870.0,870.0,0.0,870.0,870.0,52485,456.62,-,52485,100.0
509,ICICIBANK,EQ,29-Nov-2006,861.3,879.75,879.75,852.65,855.0,858.65,862.69,1230039,10611.36,-,536833,43.64
510,ICICIBANK,EQ,30-Nov-2006,858.65,860.0,878.3,855.3,869.0,872.45,867.15,1405219,12185.39,-,652826,46.46
511,ICICIBANK,EQ,01-Dec-2006,872.45,883.0,884.5,865.65,876.0,878.15,879.48,1236189,10872.02,-,691794,55.96
512,ICICIBANK,EQ,04-Dec-2006,878.15,872.0,884.8,861.3,867.0,870.7,873.59,473806,4139.11,-,167457,35.34
513,ICICIBANK,IL,04-Dec-2006,870.0,888.0,888.0,888.0,0.0,888.0,888.0,200000,1776.0,-,200000,100.0
514,ICICIBANK,EQ,05-Dec-2006,870.7,878.9,878.9,859.0,865.0,863.55,867.32,698114,6054.91,-,308712,44.22
515,ICICIBANK,EQ,06-Dec-2006,863.55,863.0,878.4,861.35,866.0,868.45,869.69,598885,5208.44,-,179545,29.98
516,ICICIBANK,EQ,07-Dec-2006,868.45,873.0,884.25,861.45,878.0,879.15,875.03,746840,6535.1,-,263903,35.34
517,ICICIBANK,EQ,08-Dec-2006,879.15,881.0,891.5,870.5,871.3,880.35,884.13,1018883,9008.26,-,268545,26.36
518,ICICIBANK,EQ,11-Dec-2006,880.35,865.0,875.0,809.25,814.0,820.85,828.54,1885498,15622.16,-,670004,35.53
519,ICICIBANK,EQ,12-Dec-2006,820.85,819.85,832.0,772.1,811.0,803.95,811.49,1633374,13254.68,-,456192,27.93
520,ICICIBANK,IL,12-Dec-2006,888.0,805.0,805.0,805.0,0.0,805.0,805.0,284000,2286.2,-,284000,100.0
521,ICICIBANK,EQ,13-Dec-2006,803.95,811.0,839.7,805.0,832.0,830.9,821.6,1016870,8354.57,-,316126,31.09
522,ICICIBANK,EQ,14-Dec-2006,830.9,840.0,876.5,838.0,875.0,870.35,860.79,1633245,14058.74,-,492803,30.17
523,ICICIBANK,EQ,15-Dec-2006,870.35,880.4,885.0,866.1,872.0,870.8,873.32,839694,7333.2,-,224328,26.72
524,ICICIBANK,EQ,18-Dec-2006,870.8,879.9,890.0,858.1,889.6,887.15,875.52,1241035,10865.51,-,476291,38.38
525,ICICIBANK,EQ,19-Dec-2006,887.15,885.0,889.9,853.9,862.0,868.2,868.53,983804,8544.62,-,327143,33.25
526,ICICIBANK,EQ,20-Dec-2006,868.2,870.0,879.75,846.15,846.15,854.4,864.88,1259022,10889.07,-,544597,43.26
527,ICICIBANK,EQ,21-Dec-2006,854.4,850.05,859.3,835.1,856.5,854.25,850.67,1117377,9505.14,-,439612,39.34
528,ICICIBANK,EQ,22-Dec-2006,854.25,856.0,864.85,846.0,854.0,857.0,858.25,775301,6654.01,-,376642,48.58
529,ICICIBANK,EQ,26-Dec-2006,857.0,857.85,878.9,850.0,877.5,873.0,864.16,915887,7914.7,-,526420,57.48
530,ICICIBANK,EQ,27-Dec-2006,873.0,883.9,908.6,879.0,899.45,894.25,896.23,1603367,14369.93,-,656805,40.96
531,ICICIBANK,EQ,28-Dec-2006,894.25,900.0,914.0,896.0,897.0,903.2,903.43,1811114,16362.13,-,620120,34.24
532,ICICIBANK,EQ,29-Dec-2006,903.2,903.2,909.0,886.0,892.85,891.5,899.91,467284,4205.11,-,156859,33.57
