,% Dly Qt to Traded Qty,Average Price,Close Price,Date,Deliverable Qty,High Price,Last Price,Low Price,No. of Trades,Open Price,Prev Close,Series,Symbol,Total Traded Quantity,Turnover in Lacs
0,20.65,461.51,464.15,01-Jan-2009,1052166.0,466.95,465.0,450.0,-,450.0,448.1,EQ,ICICIBANK,5096416,23520.34
1,26.94,472.4,471.25,02-Jan-2009,1741027.0,479.8,472.55,462.25,-,465.0,464.15,EQ,ICICIBANK,6463217,30532.2
2,32.61,493.43,499.9,05-Jan-2009,2799476.0,504.0,500.9,474.15,-,475.5,471.25,EQ,ICICIBANK,8585791,42364.94
3,29.18,514.8,523.45,06-Jan-2009,4118177.0,530.7,526.0,480.0,-,480.0,499.9,EQ,ICICIBANK,14115209,72664.83
4,40.47,490.97,467.85,07-Jan-2009,7766090.0,538.6,462.5,454.05,-,528.0,523.45,EQ,ICICIBANK,19189173,94212.81
5,32.85,461.4,456.6,09-Jan-2009,4159269.0,483.0,445.8,441.0,-,458.7,467.85,EQ,ICICIBANK,12660721,58416.37
6,25.78,444.05,438.0,12-Jan-2009,2105949.0,463.3,442.0,428.2,-,440.0,456.6,EQ,ICICIBANK,8168155,36270.32
7,32.19,430.81,425.45,13-Jan-2009,3199159.0,448.4,428.85,418.05,-,435.0,438.0,EQ,ICICIBANK,9939485,42820.53
8,26.83,441.77,441.1,14-Jan-2009,1688516.0,451.0,443.35,428.65,-,428.65,425.45,EQ,ICICIBANK,6292884,27800.14
9,28.0,406.5,408.65,15-Jan-2009,2714651.0,429.0,410.55,398.3,-,429.0,441.1,EQ,ICICIBANK,9696693,39417.28
10,17.37,419.35,423.75,16-Jan-2009,868955.0,427.7,420.4,408.65,-,415.0,408.65,EQ,ICICIBANK,5004035,20984.38
11,28.34,414.21,412.6,19-Jan-2009,1705981.0,444.4,412.35,408.5,-,425.0,423.75,EQ,ICICIBANK,6020627,24937.82
12,28.46,396.46,396.3,20-Jan-2009,1979384.0,407.8,395.8,390.25,-,403.0,412.6,EQ,ICICIBANK,6954114,27569.94
13,33.89,376.23,369.35,21-Jan-2009,4039438.0,389.7,366.6,360.0,-,389.7,396.3,EQ,ICICIBANK,11918570,44841.31
14,21.95,374.3,378.05,22-Jan-2009,2092574.0,385.9,380.05,358.75,-,381.95,369.35,EQ,ICICIBANK,9534927,35689.56
15,15.6,373.25,363.85,23-Jan-2009,1675860.0,391.0,365.9,331.55,-,331.55,378.05,EQ,ICICIBANK,10743196,40098.53
16,19.6,372.67,381.1,27-Jan-2009,1930036.0,389.0,380.0,359.1,-,372.95,363.85,EQ,ICICIBANK,9849131,36704.95
17,35.25,395.99,408.05,28-Jan-2009,4158174.0,412.5,410.9,382.45,-,386.95,381.1,EQ,ICICIBANK,11795297,46708.12
18,29.18,417.05,410.1,29-Jan-2009,2655828.0,433.7,404.0,402.6,-,430.0,408.05,EQ,ICICIBANK,9100850,37955.01
19,22.43,406.88,416.25,30-Jan-2009,2021049.0,418.9,415.25,395.0,-,402.0,410.1,EQ,ICICIBANK,9010507,36661.8
20,24.68,395.9,385.1,02-Feb-2009,1669858.0,412.1,384.5,383.0,-,402.55,416.25,EQ,ICICIBANK,6766101,26787.19
21,13.88,392.83,392.0,03-Feb-2009,992994.0,404.7,391.0,383.1,-,390.0,385.1,EQ,ICICIBANK,7152145,28095.55
22,16.36,395.64,389.7,04-Feb-2009,1023641.0,405.25,388.0,386.3,-,395.0,392.0,EQ,ICICIBANK,6257756,24758.4
23,21.41,389.62,390.55,05-Feb-2009,1084524.0,396.55,393.0,385.05,-,390.1,389.7,EQ,ICICIBANK,5065666,19737.07
24,25.27,403.82,407.1,06-Feb-2009,1450989.0,408.85,406.35,396.0,-,399.0,390.55,EQ,ICICIBANK,5741796,23186.66
25,29.8,420.11,428.35,09-Feb-2009,2024202.0,429.8,428.0,406.35,-,406.35,407.1,EQ,ICICIBANK,6792015,28534.26
26,22.63,432.37,428.7,10-Feb-2009,1750261.0,442.0,429.5,420.2,-,428.0,428.35,EQ,ICICIBANK,7735275,33445.04
27,18.49,426.41,435.2,11-Feb-2009,1419409.0,437.9,436.9,400.6,-,420.1,428.7,EQ,ICICIBANK,7677090,32735.5
28,22.5,425.84,421.4,12-Feb-2009,1538282.0,434.4,420.5,416.7,-,433.7,435.2,EQ,ICICIBANK,6836380,29111.94
29,40.0,433.55,434.4,13-Feb-2009,2578677.0,438.4,434.2,423.05,-,423.05,421.4,EQ,ICICIBANK,6447178,27951.92
30,25.06,416.89,409.0,16-Feb-2009,1731262.0,439.9,411.9,405.95,-,433.5,434.4,EQ,ICICIBANK,6908268,28799.77
31,39.85,388.65,385.7,17-Feb-2009,4475035.0,438.8,386.9,380.2,-,438.8,409.0,EQ,ICICIBANK,11229079,43641.75
32,29.74,373.45,369.5,18-Feb-2009,3941146.0,384.8,369.7,365.0,-,383.0,385.7,EQ,ICICIBANK,13254008,49496.82
33,30.73,366.36,361.5,19-Feb-2009,3581677.0,379.7,361.5,359.25,-,367.0,369.5,EQ,ICICIBANK,11655190,42699.79
34,32.06,342.1,335.85,20-Feb-2009,4048794.0,358.65,336.0,331.0,-,356.0,361.5,EQ,ICICIBANK,12628960,43204.07
35,19.43,330.27,335.95,24-Feb-2009,3021790.0,341.9,336.9,318.4,-,325.0,335.85,EQ,ICICIBANK,15551602,51362.94
36,28.82,344.5,340.6,25-Feb-2009,3125265.0,349.9,339.8,338.4,-,341.0,335.95,EQ,ICICIBANK,10843876,37356.89
37,36.44,324.78,324.85,26-Feb-2009,6281331.0,343.4,326.0,318.6,-,332.3,340.6,EQ,ICICIBANK,17237136,55982.76
38,28.62,320.56,327.55,27-Feb-2009,5114751.0,334.0,333.0,311.05,-,324.0,324.85,EQ,ICICIBANK,17868678,57280.66
39,30.4,311.35,304.4,02-Mar-2009,3661052.0,324.7,301.0,300.0,-,324.7,327.55,EQ,ICICIBANK,12044522,37501.13
40,18.64,303.34,295.6,03-Mar-2009,4553543.0,313.2,294.1,293.3,-,295.0,304.4,EQ,ICICIBANK,24423234,74085.44
41,24.26,290.27,284.9,04-Mar-2009,6135912.0,302.8,283.25,280.1,-,298.0,295.6,EQ,ICICIBANK,25291532,73412.99
42,20.87,278.04,270.05,05-Mar-2009,5452026.0,294.75,267.0,266.1,-,287.0,284.9,EQ,ICICIBANK,26122290,72629.14
43,19.68,269.62,269.15,06-Mar-2009,9922032.0,284.9,273.45,252.3,-,263.7,270.05,EQ,ICICIBANK,50409495,135915.04
44,22.95,263.9,262.95,09-Mar-2009,4466291.0,272.4,263.0,258.0,-,268.85,269.15,EQ,ICICIBANK,19459652,51354.12
45,30.45,281.0,284.15,12-Mar-2009,8333452.0,288.4,285.75,270.25,-,274.4,262.95,EQ,ICICIBANK,27371681,76913.6
46,33.0,306.28,308.65,13-Mar-2009,8609127.0,312.75,311.6,292.0,-,296.0,284.15,EQ,ICICIBANK,26088959,79904.68
47,23.12,315.85,322.8,16-Mar-2009,5133166.0,325.0,323.55,307.05,-,311.45,308.65,EQ,ICICIBANK,22200212,70120.4
48,25.13,325.84,323.4,17-Mar-2009,8000897.0,337.3,324.5,314.05,-,324.5,322.8,EQ,ICICIBANK,31841759,103753.13
49,18.04,336.6,334.65,18-Mar-2009,2979827.0,342.0,335.0,327.0,-,328.95,323.4,EQ,ICICIBANK,16522390,55614.2
50,24.61,336.25,337.9,19-Mar-2009,5321049.0,346.5,338.5,326.25,-,335.35,334.65,EQ,ICICIBANK,21624698,72713.85
51,15.4,326.34,323.05,20-Mar-2009,2280294.0,336.5,322.2,321.05,-,332.2,337.9,EQ,ICICIBANK,14802957,48307.46
52,17.25,337.45,346.8,23-Mar-2009,2991386.0,349.9,347.0,326.4,-,329.0,323.05,EQ,ICICIBANK,17342680,58522.28
53,19.37,363.71,355.45,24-Mar-2009,4406866.0,373.8,352.5,351.25,-,353.9,346.8,EQ,ICICIBANK,22747200,82732.82
54,10.04,358.23,365.55,25-Mar-2009,2119523.0,369.9,369.8,349.15,-,360.0,355.45,EQ,ICICIBANK,21115940,75643.21
55,25.32,370.4,375.05,26-Mar-2009,4714429.0,377.0,374.0,364.7,-,374.0,365.55,EQ,ICICIBANK,18620590,68971.3
56,14.86,381.23,385.2,27-Mar-2009,2208138.0,387.8,385.55,374.35,-,377.1,375.05,EQ,ICICIBANK,14863778,56665.85
57,42.55,352.59,338.1,30-Mar-2009,9400089.0,377.0,338.1,334.6,-,376.9,385.2,EQ,ICICIBANK,22093870,77900.64
58,14.92,332.61,332.8,31-Mar-2009,5121470.0,346.3,333.8,314.3,-,340.5,338.1,EQ,ICICIBANK,34324594,114167.47
59,13.66,338.45,349.35,01-Apr-2009,3056029.0,353.9,350.0,323.65,-,349.7,332.8,EQ,ICICIBANK,22367380,75701.46
60,33.69,369.13,360.7,02-Apr-2009,7925872.0,378.7,361.35,356.25,-,360.0,349.35,EQ,ICICIBANK,23525738,86841.19
61,28.26,371.86,374.8,06-Apr-2009,6214776.0,380.7,375.5,362.85,-,373.0,360.7,EQ,ICICIBANK,21989218,81769.57
62,24.98,364.24,376.4,08-Apr-2009,4645091.0,379.6,378.0,346.65,-,360.45,374.8,EQ,ICICIBANK,18592959,67723.47
63,25.51,391.29,397.8,09-Apr-2009,6472496.0,402.0,397.8,371.2,-,384.0,376.4,EQ,ICICIBANK,25376973,99296.48
64,22.06,416.3,416.6,13-Apr-2009,2605023.0,421.5,416.05,405.0,-,405.0,397.8,EQ,ICICIBANK,11807765,49155.35
65,24.44,423.82,442.9,15-Apr-2009,4598150.0,457.0,453.35,371.55,-,410.0,416.6,EQ,ICICIBANK,18814676,79740.61
66,22.05,440.73,427.55,16-Apr-2009,4692471.0,469.6,424.25,422.15,-,469.6,442.9,EQ,ICICIBANK,21283603,93803.2
67,20.29,446.04,440.85,17-Apr-2009,3383406.0,457.0,445.05,432.0,-,435.0,427.55,EQ,ICICIBANK,16673316,74369.64
68,20.93,440.75,426.65,20-Apr-2009,3457099.0,456.0,426.5,423.55,-,439.25,440.85,EQ,ICICIBANK,16516692,72796.56
69,21.14,407.0,398.75,21-Apr-2009,4302958.0,416.35,398.0,391.3,-,411.55,426.65,EQ,ICICIBANK,20350066,82824.38
70,17.56,402.47,400.05,22-Apr-2009,2335907.0,413.0,402.8,390.6,-,399.0,398.75,EQ,ICICIBANK,13302828,53539.35
71,18.09,410.53,424.4,23-Apr-2009,2482889.0,431.6,429.9,395.1,-,398.0,400.05,EQ,ICICIBANK,13728161,56357.67
72,19.33,430.64,434.1,24-Apr-2009,2803099.0,439.4,434.4,415.1,-,420.0,424.4,EQ,ICICIBANK,14504544,62462.86
73,22.82,451.9,467.55,27-Apr-2009,6110600.0,477.95,469.9,411.1,-,425.0,434.1,EQ,ICICIBANK,26781464,121024.67
74,23.4,451.63,439.2,28-Apr-2009,4065233.0,470.0,437.0,433.05,-,468.0,467.55,EQ,ICICIBANK,17372521,78460.12
75,33.86,466.32,479.2,29-Apr-2009,6317055.0,484.5,481.0,444.0,-,444.0,439.2,EQ,ICICIBANK,18656793,87000.65
76,29.94,516.71,529.9,04-May-2009,5568816.0,533.8,531.0,490.0,-,490.1,479.2,EQ,ICICIBANK,18597242,96094.33
77,29.85,555.53,569.1,05-May-2009,6914552.0,574.0,569.6,530.0,-,530.0,529.9,EQ,ICICIBANK,23161116,128667.39
78,27.23,551.14,539.6,06-May-2009,6763568.0,575.0,543.7,532.5,-,570.0,569.1,EQ,ICICIBANK,24840976,136907.84
79,14.19,546.77,549.3,07-May-2009,1822984.0,557.35,549.5,538.2,-,545.0,539.6,EQ,ICICIBANK,12850322,70261.16
80,23.87,530.92,520.75,08-May-2009,3457817.0,550.9,522.1,515.15,-,550.0,549.3,EQ,ICICIBANK,14485528,76906.81
81,15.93,529.9,523.35,11-May-2009,2308061.0,547.75,525.15,513.0,-,532.25,520.75,EQ,ICICIBANK,14488941,76777.01
82,17.09,539.19,558.1,12-May-2009,2485131.0,563.55,561.3,517.1,-,519.0,523.35,EQ,ICICIBANK,14544064,78420.52
83,9.9,555.35,551.15,13-May-2009,1614209.0,574.7,552.0,541.6,-,568.0,558.1,EQ,ICICIBANK,16308825,90570.68
84,14.68,532.78,536.25,14-May-2009,1844442.0,540.0,536.55,519.0,-,540.0,551.15,EQ,ICICIBANK,12567317,66956.25
85,20.59,565.58,574.7,15-May-2009,2745171.0,579.0,575.0,542.0,-,545.8,536.25,EQ,ICICIBANK,13335097,75420.36
86,98.3,696.31,707.1,18-May-2009,63340.0,740.0,729.0,661.0,-,679.8,574.7,EQ,ICICIBANK,64433,448.65
87,46.13,759.77,756.15,19-May-2009,13830918.0,800.0,745.0,679.0,-,732.0,707.1,EQ,ICICIBANK,29985698,227823.13
88,31.8,714.41,708.9,20-May-2009,4525432.0,746.0,711.5,696.6,-,746.0,756.15,EQ,ICICIBANK,14229104,101653.89
89,25.87,687.76,673.05,21-May-2009,3420545.0,709.65,669.9,667.3,-,697.0,708.9,EQ,ICICIBANK,13220818,90927.39
90,22.23,689.89,702.65,22-May-2009,3351260.0,713.6,700.0,651.0,-,665.0,673.05,EQ,ICICIBANK,15076899,104014.23
91,17.84,706.72,704.65,25-May-2009,1458260.0,717.5,702.15,695.65,-,709.7,702.65,EQ,ICICIBANK,8173874,57766.48
92,20.91,684.09,666.0,26-May-2009,1951070.0,710.0,670.5,658.2,-,704.95,704.65,EQ,ICICIBANK,9329285,63820.73
93,22.44,702.02,710.25,27-May-2009,1766203.0,714.4,707.2,680.95,-,680.95,666.0,EQ,ICICIBANK,7870222,55250.54
94,31.98,721.57,730.3,28-May-2009,4395703.0,739.9,724.8,700.2,-,714.9,710.25,EQ,ICICIBANK,13743396,99167.54
95,30.05,743.48,740.15,29-May-2009,2458512.0,754.9,736.0,731.0,-,733.9,730.3,EQ,ICICIBANK,8180223,60818.56
96,24.63,726.95,722.55,01-Jun-2009,2389168.0,760.7,725.8,708.65,-,758.7,740.15,EQ,ICICIBANK,9700286,70516.54
97,30.08,724.09,732.3,02-Jun-2009,3392163.0,749.95,738.0,703.8,-,730.0,722.55,EQ,ICICIBANK,11278756,81668.67
98,27.47,725.32,719.45,03-Jun-2009,2349069.0,747.65,716.0,708.5,-,745.0,732.3,EQ,ICICIBANK,8552692,62034.09
99,26.85,714.31,733.5,04-Jun-2009,2958308.0,738.7,736.15,693.5,-,714.1,719.45,EQ,ICICIBANK,11016380,78690.84
100,28.83,755.32,754.75,05-Jun-2009,2907996.0,764.45,753.2,740.5,-,740.5,733.5,EQ,ICICIBANK,10085810,76180.61
101,30.43,734.42,724.65,08-Jun-2009,1759432.0,774.0,723.8,718.1,-,774.0,754.75,EQ,ICICIBANK,5782460,42467.75
102,43.57,736.68,737.85,09-Jun-2009,4464131.0,748.75,735.2,705.2,-,720.0,724.65,EQ,ICICIBANK,10246018,75480.62
103,47.74,748.78,747.7,10-Jun-2009,5878207.0,761.8,751.1,736.0,-,747.0,737.85,EQ,ICICIBANK,12313212,92199.21
104,29.08,744.69,750.3,11-Jun-2009,1854055.0,759.9,750.0,732.7,-,749.65,747.7,EQ,ICICIBANK,6375918,47480.7
105,29.62,758.97,742.45,12-Jun-2009,2154988.0,779.6,740.5,738.0,-,770.0,750.3,EQ,ICICIBANK,7276603,55227.54
106,27.69,736.73,734.75,15-Jun-2009,1371232.0,752.0,745.7,722.5,-,730.0,742.45,EQ,ICICIBANK,4951904,36482.38
107,31.36,725.41,734.4,16-Jun-2009,2586117.0,739.5,729.7,712.4,-,712.4,734.75,EQ,ICICIBANK,8246543,59821.04
108,27.61,733.58,722.45,17-Jun-2009,2073263.0,749.5,721.0,715.0,-,730.0,734.4,EQ,ICICIBANK,7509412,55087.33
109,26.41,713.29,703.25,18-Jun-2009,2188282.0,734.4,700.0,693.35,-,710.6,722.45,EQ,ICICIBANK,8286616,59107.9
110,24.29,700.2,714.05,19-Jun-2009,2618540.0,724.0,717.15,682.0,-,701.65,703.25,EQ,ICICIBANK,10778472,75470.83
111,18.81,736.88,731.0,22-Jun-2009,1533690.0,750.0,729.0,717.0,-,720.3,714.05,EQ,ICICIBANK,8154709,60090.51
112,39.32,694.67,697.2,23-Jun-2009,4884929.0,714.0,694.0,682.5,-,703.0,731.0,EQ,ICICIBANK,12423843,86304.3
113,34.49,685.64,689.4,24-Jun-2009,3329701.0,704.8,689.15,675.05,-,702.0,697.2,EQ,ICICIBANK,9653375,66187.53
114,100.0,701.0,701.0,25-Jun-2009,764790.0,701.0,701.0,701.0,-,701.0,1050.0,BL,ICICIBANK,764790,5361.18
115,31.25,703.56,700.0,25-Jun-2009,3188801.0,714.6,699.9,691.5,-,694.7,689.4,EQ,ICICIBANK,10204001,71791.59
116,32.73,736.88,756.15,26-Jun-2009,3439228.0,760.0,760.0,707.5,-,711.8,700.0,EQ,ICICIBANK,10508584,77435.73
117,19.42,759.18,748.7,29-Jun-2009,1606083.0,772.7,741.7,740.75,-,764.7,756.15,EQ,ICICIBANK,8270627,62789.27
118,21.23,731.77,722.2,30-Jun-2009,1471966.0,753.9,725.6,715.5,-,750.0,748.7,EQ,ICICIBANK,6931914,50725.67
119,15.65,723.36,729.85,01-Jul-2009,1303775.0,738.9,726.0,703.3,-,720.0,722.2,EQ,ICICIBANK,8329095,60249.0
120,17.11,731.69,733.5,02-Jul-2009,1128717.0,744.85,729.25,719.0,-,736.9,729.85,EQ,ICICIBANK,6598428,48279.86
121,23.29,741.49,754.95,03-Jul-2009,1598993.0,760.0,755.9,716.25,-,720.5,733.5,EQ,ICICIBANK,6864174,50896.83
122,36.51,705.68,679.7,06-Jul-2009,5246123.0,777.0,679.0,665.0,-,760.0,754.95,EQ,ICICIBANK,14367600,101389.9
123,33.89,697.82,694.85,07-Jul-2009,3969320.0,713.0,694.0,685.0,-,690.0,679.7,EQ,ICICIBANK,11712721,81733.63
124,28.74,656.62,653.1,08-Jul-2009,3001574.0,688.8,650.65,642.25,-,688.0,694.85,EQ,ICICIBANK,10444465,68580.66
125,34.88,636.97,635.4,09-Jul-2009,3963644.0,670.0,637.0,620.1,-,670.0,653.1,EQ,ICICIBANK,11362660,72376.2
126,26.23,644.24,628.85,10-Jul-2009,2118831.0,657.4,626.8,619.4,-,636.0,635.4,EQ,ICICIBANK,8077318,52037.13
127,17.88,620.22,632.95,13-Jul-2009,1336358.0,644.0,639.15,606.15,-,620.0,628.85,EQ,ICICIBANK,7475550,46364.86
128,27.79,670.16,679.5,14-Jul-2009,2101186.0,685.0,685.0,645.15,-,645.15,632.95,EQ,ICICIBANK,7561363,50673.55
129,29.52,688.57,696.4,15-Jul-2009,2822977.0,707.9,700.1,669.1,-,690.0,679.5,EQ,ICICIBANK,9562855,65846.98
130,23.37,701.07,693.85,16-Jul-2009,1651438.0,719.9,694.25,688.2,-,711.1,696.4,EQ,ICICIBANK,7065832,49536.32
131,30.11,731.15,742.85,17-Jul-2009,3028746.0,748.5,748.0,701.1,-,701.1,693.85,EQ,ICICIBANK,10057555,73536.04
132,31.29,768.43,784.75,20-Jul-2009,3154178.0,794.5,788.4,739.05,-,754.0,742.85,EQ,ICICIBANK,10081191,77467.1
133,29.44,778.33,772.7,21-Jul-2009,2522387.0,795.0,769.15,767.2,-,794.9,784.75,EQ,ICICIBANK,8567015,66679.67
134,24.03,780.23,759.55,22-Jul-2009,2755845.0,807.7,762.15,752.3,-,772.0,772.7,EQ,ICICIBANK,11467367,89472.1
135,32.32,773.16,775.75,23-Jul-2009,3252666.0,788.95,773.9,758.5,-,770.55,759.55,EQ,ICICIBANK,10064280,77812.92
136,32.43,772.44,767.55,24-Jul-2009,3396830.0,794.7,766.45,760.0,-,782.8,775.75,EQ,ICICIBANK,10474438,80908.23
137,36.14,760.65,757.9,27-Jul-2009,4070636.0,782.0,754.55,746.5,-,772.65,767.55,EQ,ICICIBANK,11264877,85686.55
138,34.95,742.52,740.35,28-Jul-2009,3622620.0,760.0,738.3,732.0,-,759.7,757.9,EQ,ICICIBANK,10366240,76971.66
139,21.88,731.53,732.75,29-Jul-2009,1756783.0,744.7,730.15,717.55,-,740.0,740.35,EQ,ICICIBANK,8030669,58746.6
140,28.69,743.59,757.2,30-Jul-2009,2447323.0,763.7,756.0,722.0,-,727.1,732.75,EQ,ICICIBANK,8529143,63421.94
141,28.5,766.57,758.5,31-Jul-2009,1855048.0,776.9,759.95,751.0,-,774.0,757.2,EQ,ICICIBANK,6509697,49901.55
142,22.54,761.59,773.75,03-Aug-2009,1147308.0,775.05,775.05,748.2,-,763.95,758.5,EQ,ICICIBANK,5089276,38759.53
143,32.31,771.58,763.55,04-Aug-2009,2862311.0,785.5,764.95,753.5,-,772.0,773.75,EQ,ICICIBANK,8859431,68357.3
144,31.36,767.82,773.4,05-Aug-2009,2091878.0,778.0,773.05,758.0,-,769.95,763.55,EQ,ICICIBANK,6669795,51211.95
145,28.69,784.55,766.15,06-Aug-2009,3992234.0,803.9,763.5,755.0,-,770.0,773.4,EQ,ICICIBANK,13914041,109162.76
146,26.94,748.29,738.1,07-Aug-2009,1915455.0,764.8,736.05,733.0,-,763.0,766.15,EQ,ICICIBANK,7108816,53194.44
147,29.56,734.1,718.7,10-Aug-2009,2782507.0,758.45,717.0,713.0,-,745.65,738.1,EQ,ICICIBANK,9414296,69110.3
148,18.23,719.26,717.1,11-Aug-2009,1265934.0,734.45,716.55,702.65,-,734.45,718.7,EQ,ICICIBANK,6943125,49938.9
149,20.58,700.5,710.15,12-Aug-2009,1426547.0,714.0,712.0,690.2,-,710.0,717.1,EQ,ICICIBANK,6932223,48560.08
150,29.46,745.99,757.2,13-Aug-2009,1880800.0,759.9,758.0,724.0,-,724.0,710.15,EQ,ICICIBANK,6383632,47621.3
151,20.0,747.1,744.85,14-Aug-2009,908566.0,765.0,744.75,738.15,-,765.0,757.2,EQ,ICICIBANK,4542815,33939.37
152,41.14,714.63,704.95,17-Aug-2009,2279007.0,736.0,708.0,702.1,-,733.7,744.85,EQ,ICICIBANK,5539932,39589.84
153,18.78,716.12,720.05,18-Aug-2009,1168022.0,728.0,721.0,697.35,-,710.15,704.95,EQ,ICICIBANK,6220986,44549.85
154,27.5,712.57,716.55,19-Aug-2009,1876489.0,725.0,720.0,700.4,-,723.0,720.05,EQ,ICICIBANK,6823565,48623.0
155,21.86,726.91,719.55,20-Aug-2009,818418.0,734.8,723.0,714.15,-,724.9,716.55,EQ,ICICIBANK,3744698,27220.58
156,34.6,726.33,745.4,21-Aug-2009,2972526.0,749.25,746.3,706.95,-,719.9,719.55,EQ,ICICIBANK,8591103,62399.71
157,39.97,768.16,767.95,24-Aug-2009,2219235.0,773.9,763.5,750.0,-,750.0,745.4,EQ,ICICIBANK,5552551,42652.2
158,25.04,758.93,759.2,25-Aug-2009,1303249.0,767.0,759.85,750.35,-,761.15,767.95,EQ,ICICIBANK,5205544,39506.68
159,24.64,760.69,761.9,26-Aug-2009,1042427.0,768.4,762.1,752.5,-,760.0,759.2,EQ,ICICIBANK,4230806,32183.43
160,42.0,752.31,750.55,27-Aug-2009,2161684.0,760.0,753.2,746.85,-,755.0,761.9,EQ,ICICIBANK,5146345,38716.42
161,24.61,761.48,763.6,28-Aug-2009,1176178.0,770.75,762.2,749.85,-,749.85,750.55,EQ,ICICIBANK,4778984,36390.84
162,35.64,752.08,751.15,31-Aug-2009,1692353.0,762.9,751.6,743.0,-,754.5,763.6,EQ,ICICIBANK,4749016,35716.55
163,29.44,757.43,744.8,01-Sep-2009,1528080.0,775.6,743.0,740.0,-,752.2,751.15,EQ,ICICIBANK,5190778,39316.53
164,18.08,737.6,736.1,02-Sep-2009,702337.0,745.0,733.6,723.0,-,735.0,744.8,EQ,ICICIBANK,3883848,28647.3
165,34.49,741.57,735.95,03-Sep-2009,1836107.0,751.9,734.0,730.1,-,741.0,736.1,EQ,ICICIBANK,5323133,39474.9
166,31.68,742.02,743.9,04-Sep-2009,1377142.0,752.5,744.05,731.0,-,739.0,735.95,EQ,ICICIBANK,4347024,32255.99
167,49.91,771.72,788.85,07-Sep-2009,3330223.0,796.9,795.0,748.6,-,748.8,743.9,EQ,ICICIBANK,6672288,51491.48
168,41.6,791.95,789.95,08-Sep-2009,3852651.0,806.5,787.0,781.7,-,795.0,788.85,EQ,ICICIBANK,9261862,73349.32
169,27.39,791.19,792.9,09-Sep-2009,1288532.0,799.0,794.1,783.6,-,787.0,789.95,EQ,ICICIBANK,4704721,37223.15
170,36.22,820.74,816.6,10-Sep-2009,2492777.0,828.4,815.2,803.5,-,805.0,792.9,EQ,ICICIBANK,6882203,56485.28
171,31.86,828.46,835.15,11-Sep-2009,2080116.0,844.65,834.25,818.25,-,830.0,816.6,EQ,ICICIBANK,6528251,54084.15
172,26.85,825.52,824.6,14-Sep-2009,1041080.0,834.95,828.4,818.1,-,820.0,835.15,EQ,ICICIBANK,3877518,32009.51
173,27.28,838.2,844.4,15-Sep-2009,950946.0,847.0,846.5,829.0,-,830.0,824.6,EQ,ICICIBANK,3485597,29216.29
174,42.42,859.44,864.5,16-Sep-2009,2212868.0,869.95,864.0,850.05,-,850.05,844.4,EQ,ICICIBANK,5216571,44833.43
175,55.7,871.41,872.3,17-Sep-2009,3638074.0,884.1,871.0,863.15,-,878.85,864.5,EQ,ICICIBANK,6531591,56917.15
176,48.67,845.94,841.2,18-Sep-2009,2973173.0,870.0,842.5,838.45,-,870.0,872.3,EQ,ICICIBANK,6108871,51677.29
177,30.0,851.87,852.5,22-Sep-2009,887452.0,858.45,852.0,837.0,-,842.0,841.2,EQ,ICICIBANK,2957694,25195.64
178,24.5,851.93,845.2,23-Sep-2009,800406.0,860.9,848.5,840.05,-,855.0,852.5,EQ,ICICIBANK,3266369,27827.19
179,43.72,847.62,860.45,24-Sep-2009,2782936.0,927.6,861.0,830.35,-,835.0,845.2,EQ,ICICIBANK,6365495,53955.5
180,26.57,845.4,839.0,25-Sep-2009,860558.0,854.5,837.0,836.1,-,850.0,860.45,EQ,ICICIBANK,3238993,27382.44
181,45.72,861.35,866.35,29-Sep-2009,1867109.0,893.7,862.0,850.0,-,893.7,839.0,EQ,ICICIBANK,4084034,35177.98
182,45.22,892.28,907.6,30-Sep-2009,3737941.0,909.95,904.95,860.2,-,860.2,866.35,EQ,ICICIBANK,8266381,73758.93
183,44.95,919.67,926.6,01-Oct-2009,3815341.0,933.9,925.0,818.0,-,818.0,907.6,EQ,ICICIBANK,8488409,78065.74
184,47.16,913.06,912.4,05-Oct-2009,2767538.0,920.9,909.0,896.9,-,900.0,926.6,EQ,ICICIBANK,5868636,53584.08
185,32.69,918.9,938.2,06-Oct-2009,2435607.0,944.7,940.0,893.1,-,917.15,912.4,EQ,ICICIBANK,7449981,68457.9
186,32.48,933.14,918.4,07-Oct-2009,1811282.0,954.1,919.0,913.9,-,945.0,938.2,EQ,ICICIBANK,5576021,52032.15
187,46.01,925.47,922.95,08-Oct-2009,2923035.0,934.9,921.5,912.9,-,922.65,918.4,EQ,ICICIBANK,6353522,58800.19
188,27.48,906.07,901.8,09-Oct-2009,1152208.0,924.65,901.0,895.2,-,924.0,922.95,EQ,ICICIBANK,4193010,37991.47
189,33.82,910.27,920.2,12-Oct-2009,1631975.0,925.0,921.0,891.3,-,894.5,901.8,EQ,ICICIBANK,4825496,43925.06
190,38.88,925.69,921.0,14-Oct-2009,1306537.0,933.9,921.0,916.85,-,924.65,920.2,EQ,ICICIBANK,3360534,31108.22
191,41.61,926.57,935.95,15-Oct-2009,2412731.0,942.75,934.0,914.2,-,927.45,921.0,EQ,ICICIBANK,5798368,53726.14
192,34.31,956.08,959.1,16-Oct-2009,2102274.0,969.8,960.4,926.15,-,926.15,935.95,EQ,ICICIBANK,6127762,58586.42
193,26.39,949.0,948.15,17-Oct-2009,164775.0,980.0,942.5,941.6,-,980.0,959.1,EQ,ICICIBANK,624441,5925.95
194,37.71,953.73,944.45,20-Oct-2009,1521843.0,966.0,945.0,940.05,-,948.75,948.15,EQ,ICICIBANK,4035149,38484.4
195,43.68,930.49,929.1,21-Oct-2009,1676843.0,941.3,924.5,922.25,-,937.0,944.45,EQ,ICICIBANK,3838548,35717.18
196,43.9,904.82,891.4,22-Oct-2009,2224208.0,921.0,894.5,886.0,-,918.0,929.1,EQ,ICICIBANK,5066664,45844.23
197,29.17,904.17,903.7,23-Oct-2009,1025752.0,911.85,906.5,895.1,-,904.0,891.4,EQ,ICICIBANK,3516866,31798.61
198,28.92,904.19,890.85,26-Oct-2009,1041027.0,920.0,889.0,887.05,-,909.0,903.7,EQ,ICICIBANK,3599139,32543.21
199,41.13,855.84,834.45,27-Oct-2009,4263901.0,899.45,832.0,826.15,-,885.0,890.85,EQ,ICICIBANK,10366162,88717.55
200,44.24,807.33,809.45,28-Oct-2009,4529934.0,830.0,807.55,787.0,-,827.0,834.45,EQ,ICICIBANK,10240066,82671.38
201,41.58,782.53,771.75,29-Oct-2009,4360681.0,805.05,777.7,756.65,-,791.0,809.45,EQ,ICICIBANK,10486709,82061.96
202,35.05,788.08,790.8,30-Oct-2009,4182757.0,810.3,793.0,763.9,-,785.0,771.75,EQ,ICICIBANK,11935252,94059.66
203,37.86,801.78,786.3,03-Nov-2009,3565010.0,823.7,785.0,774.05,-,786.3,790.8,EQ,ICICIBANK,9415415,75490.88
204,32.55,818.25,827.75,04-Nov-2009,2137933.0,831.8,828.0,794.9,-,796.0,786.3,EQ,ICICIBANK,6567237,53736.48
205,24.16,824.82,844.65,05-Nov-2009,1400381.0,847.95,845.75,808.45,-,832.0,827.75,EQ,ICICIBANK,5796896,47813.85
206,23.4,851.15,848.55,06-Nov-2009,1249015.0,862.7,851.0,840.5,-,856.95,844.65,EQ,ICICIBANK,5337687,45431.66
207,32.8,870.23,888.5,09-Nov-2009,2218526.0,892.5,889.0,844.6,-,849.0,848.55,EQ,ICICIBANK,6764054,58863.09
208,33.7,900.51,896.55,10-Nov-2009,2025365.0,908.8,895.75,890.25,-,899.9,888.5,EQ,ICICIBANK,6010052,54121.07
209,25.14,909.06,924.5,11-Nov-2009,1039591.0,929.0,927.0,886.0,-,897.0,896.55,EQ,ICICIBANK,4135343,37592.84
210,24.15,903.27,892.6,12-Nov-2009,1260415.0,928.5,897.05,883.0,-,927.0,924.5,EQ,ICICIBANK,5219314,47144.47
211,18.55,905.0,908.95,13-Nov-2009,712417.0,914.9,909.8,891.5,-,899.2,892.6,EQ,ICICIBANK,3840697,34758.25
212,33.0,923.86,919.3,16-Nov-2009,1157933.0,932.0,916.5,911.1,-,911.1,908.95,EQ,ICICIBANK,3509201,32420.01
213,25.43,909.33,920.55,17-Nov-2009,910021.0,924.9,921.0,900.05,-,922.0,919.3,EQ,ICICIBANK,3578373,32539.28
214,32.22,909.36,905.5,18-Nov-2009,1039305.0,918.0,903.0,901.0,-,915.0,920.55,EQ,ICICIBANK,3225432,29330.76
215,29.46,892.17,886.45,19-Nov-2009,1034017.0,904.9,890.0,878.0,-,904.35,905.5,EQ,ICICIBANK,3509857,31314.07
216,24.67,880.51,897.0,20-Nov-2009,1214654.0,901.0,897.7,858.0,-,880.0,886.45,EQ,ICICIBANK,4924480,43360.74
217,25.2,912.26,917.25,23-Nov-2009,902545.0,923.75,913.95,895.2,-,900.0,897.0,EQ,ICICIBANK,3581810,32675.32
218,32.1,907.32,909.35,24-Nov-2009,1556945.0,916.0,905.0,896.25,-,915.15,917.25,EQ,ICICIBANK,4850031,44005.26
219,34.69,900.67,901.85,25-Nov-2009,1564892.0,909.0,902.0,887.2,-,904.1,909.35,EQ,ICICIBANK,4511622,40634.77
220,41.6,874.3,865.5,26-Nov-2009,2610857.0,896.8,863.0,860.0,-,896.5,901.85,EQ,ICICIBANK,6276232,54873.07
221,32.46,832.15,850.9,27-Nov-2009,2488196.0,856.9,850.05,811.0,-,850.0,865.5,EQ,ICICIBANK,7665985,63792.35
222,41.03,873.57,867.85,30-Nov-2009,2111965.0,900.0,863.05,860.0,-,900.0,850.9,EQ,ICICIBANK,5147834,44970.1
223,33.83,877.86,887.2,01-Dec-2009,1412733.0,889.9,886.5,865.05,-,876.0,867.85,EQ,ICICIBANK,4176261,36661.54
224,37.88,904.28,893.55,02-Dec-2009,2485898.0,917.45,890.95,888.0,-,894.85,887.2,EQ,ICICIBANK,6562315,59341.74
225,36.19,894.73,884.25,03-Dec-2009,1821800.0,904.95,878.1,877.2,-,892.0,893.55,EQ,ICICIBANK,5033864,45039.66
226,26.35,872.56,871.45,04-Dec-2009,1112112.0,881.35,870.5,865.0,-,875.0,884.25,EQ,ICICIBANK,4220574,36827.13
227,41.82,865.89,860.7,07-Dec-2009,1814905.0,881.3,861.0,856.1,-,874.0,871.45,EQ,ICICIBANK,4339693,37577.1
228,42.68,865.41,872.45,08-Dec-2009,2539532.0,877.75,870.2,851.6,-,860.0,860.7,EQ,ICICIBANK,5950748,51498.44
229,31.27,861.49,855.3,09-Dec-2009,1135579.0,871.8,855.5,853.0,-,866.7,872.45,EQ,ICICIBANK,3631828,31287.84
230,43.41,864.68,875.95,10-Dec-2009,2596375.0,878.0,876.95,844.3,-,855.3,855.3,EQ,ICICIBANK,5980496,51711.95
231,24.7,870.17,864.5,11-Dec-2009,1029682.0,887.7,865.3,853.35,-,887.7,875.95,EQ,ICICIBANK,4169206,36279.0
232,35.93,857.85,850.7,14-Dec-2009,1476663.0,868.65,849.0,847.5,-,858.5,864.5,EQ,ICICIBANK,4110283,35260.09
233,33.24,835.65,825.65,15-Dec-2009,1963076.0,856.9,826.0,824.0,-,844.4,850.7,EQ,ICICIBANK,5905145,49346.25
234,32.26,825.5,822.6,16-Dec-2009,1735928.0,835.7,825.75,814.35,-,817.0,825.65,EQ,ICICIBANK,5380362,44414.96
235,24.17,823.27,825.8,17-Dec-2009,1121593.0,831.9,823.9,813.0,-,821.0,822.6,EQ,ICICIBANK,4641365,38210.9
236,34.58,815.62,809.35,18-Dec-2009,1619072.0,824.4,805.5,804.1,-,816.9,825.8,EQ,ICICIBANK,4682076,38188.12
237,32.73,810.58,810.9,21-Dec-2009,1546399.0,818.9,809.35,800.5,-,809.0,809.35,EQ,ICICIBANK,4724759,38298.12
238,29.72,824.22,825.7,22-Dec-2009,890361.0,829.0,825.95,816.0,-,817.9,810.9,EQ,ICICIBANK,2995982,24693.35
239,28.44,851.0,862.6,23-Dec-2009,1160120.0,865.0,864.6,828.0,-,830.0,825.7,EQ,ICICIBANK,4079525,34716.91
240,25.58,862.77,864.9,24-Dec-2009,825950.0,871.9,865.0,855.0,-,865.0,862.6,EQ,ICICIBANK,3228487,27854.57
241,47.57,878.26,880.2,29-Dec-2009,1651493.0,884.0,879.5,864.9,-,864.9,864.9,EQ,ICICIBANK,3471780,30491.28
242,39.82,880.54,879.8,30-Dec-2009,1330251.0,888.65,881.6,872.8,-,880.0,880.2,EQ,ICICIBANK,3340755,29416.62
243,47.46,880.56,877.0,31-Dec-2009,1513916.0,889.7,880.0,868.3,-,884.9,879.8,EQ,ICICIBANK,3189984,28089.57
244,,880.17,879.7,04-Jan-2010,,885.0,879.0,875.0,-,877.0,877.0,EQ,ICICIBANK,1665852,14662.29
245,,888.62,888.05,05-Jan-2010,,899.75,887.25,881.5,-,888.0,879.7,EQ,ICICIBANK,2665454,23685.72
246,,899.55,894.85,06-Jan-2010,,907.35,894.0,890.1,-,895.0,888.05,EQ,ICICIBANK,3710919,33381.42
247,,884.02,886.4,07-Jan-2010,,896.75,887.0,876.5,-,896.75,894.85,EQ,ICICIBANK,1973143,17442.97
248,,877.3,873.95,08-Jan-2010,,890.0,876.0,871.0,-,889.1,886.4,EQ,ICICIBANK,3741988,32828.61
249,,874.13,869.4,11-Jan-2010,,881.8,868.6,865.95,-,878.0,873.95,EQ,ICICIBANK,3306304,28901.36
250,,851.39,842.75,12-Jan-2010,,872.0,843.2,840.0,-,869.4,869.4,EQ,ICICIBANK,4142170,35266.23
251,,831.67,840.65,13-Jan-2010,,844.2,838.75,821.65,-,821.65,842.75,EQ,ICICIBANK,5760883,47911.67
252,,848.83,835.3,14-Jan-2010,,861.0,836.0,831.2,-,847.0,840.65,EQ,ICICIBANK,6156026,52254.16
253,,840.48,842.45,15-Jan-2010,,848.6,840.0,830.45,-,840.25,835.3,EQ,ICICIBANK,3549441,29832.31
254,,855.97,863.35,18-Jan-2010,,868.8,862.9,830.3,-,834.0,842.45,EQ,ICICIBANK,4165370,35654.31
255,,868.57,865.5,19-Jan-2010,,876.0,865.0,859.0,-,864.0,863.35,EQ,ICICIBANK,3782571,32854.38
256,,877.53,877.95,20-Jan-2010,,884.6,874.8,868.95,-,869.8,865.5,EQ,ICICIBANK,4996526,43846.1
257,,854.59,852.7,21-Jan-2010,,873.0,850.8,842.3,-,869.85,877.95,EQ,ICICIBANK,6132204,52404.91
258,,836.91,840.7,22-Jan-2010,,847.0,844.0,820.85,-,829.0,852.7,EQ,ICICIBANK,5931119,49638.01
259,,830.81,830.8,25-Jan-2010,,839.15,830.15,825.25,-,831.6,840.7,EQ,ICICIBANK,2884574,23965.42
260,,798.03,787.3,27-Jan-2010,,827.4,780.55,780.0,-,820.0,830.8,EQ,ICICIBANK,6911548,55156.28
261,,790.88,788.05,28-Jan-2010,,807.8,790.1,779.25,-,800.0,787.3,EQ,ICICIBANK,10276194,81272.65
262,,811.37,830.35,29-Jan-2010,,839.0,829.55,775.0,-,775.0,788.05,EQ,ICICIBANK,10773920,87416.76
263,,835.12,835.8,01-Feb-2010,,848.4,833.3,815.0,-,820.1,830.35,EQ,ICICIBANK,5197735,43407.22
264,,828.11,819.0,02-Feb-2010,,842.45,817.55,815.8,-,841.0,835.8,EQ,ICICIBANK,5301734,43904.2
265,,836.55,839.45,03-Feb-2010,,845.0,842.0,823.25,-,825.1,819.0,EQ,ICICIBANK,3302936,27630.63
266,,837.52,828.8,04-Feb-2010,,849.0,832.0,825.5,-,834.8,839.45,EQ,ICICIBANK,3322918,27830.07
267,,799.02,798.15,05-Feb-2010,,809.8,798.6,790.0,-,809.8,828.8,EQ,ICICIBANK,4973182,39736.91
268,,799.97,801.3,06-Feb-2010,,805.0,801.4,792.5,-,800.5,798.15,EQ,ICICIBANK,607485,4859.69
269,,803.16,805.35,08-Feb-2010,,850.0,803.7,786.0,-,850.0,801.3,EQ,ICICIBANK,4176793,33546.41
270,,808.34,812.4,09-Feb-2010,,818.0,808.3,791.4,-,806.0,805.35,EQ,ICICIBANK,3795374,30679.68
271,,808.77,799.8,10-Feb-2010,,821.55,801.0,796.85,-,818.0,812.4,EQ,ICICIBANK,3500693,28312.41
272,,824.02,826.05,11-Feb-2010,,829.8,823.75,790.1,-,790.1,799.8,EQ,ICICIBANK,3562978,29359.76
273,,818.98,817.35,15-Feb-2010,,832.0,816.3,812.5,-,832.0,826.05,EQ,ICICIBANK,1936226,15857.27
274,,827.25,832.45,16-Feb-2010,,837.8,836.4,817.0,-,817.0,817.35,EQ,ICICIBANK,2051443,16970.51
275,,839.87,840.95,17-Feb-2010,,847.7,840.05,830.6,-,840.0,832.45,EQ,ICICIBANK,5134261,43121.27
276,,843.53,840.05,18-Feb-2010,,853.0,838.5,834.35,-,840.0,840.95,EQ,ICICIBANK,4611962,38903.11
277,,828.6,833.55,19-Feb-2010,,837.0,832.9,817.1,-,832.0,840.05,EQ,ICICIBANK,3322916,27533.82
278,,841.83,831.6,22-Feb-2010,,850.0,829.5,828.75,-,845.15,833.55,EQ,ICICIBANK,2294782,19318.07
279,,844.14,847.75,23-Feb-2010,,852.0,849.35,825.6,-,829.9,831.6,EQ,ICICIBANK,3763832,31772.04
280,,840.59,841.15,24-Feb-2010,,845.9,841.15,833.0,-,840.1,847.75,EQ,ICICIBANK,3109494,26138.04
281,,844.97,851.6,25-Feb-2010,,857.8,851.5,832.7,-,841.25,841.15,EQ,ICICIBANK,4353477,36785.74
282,,870.04,872.15,26-Feb-2010,,887.0,869.0,842.0,-,845.3,851.6,EQ,ICICIBANK,6456035,56170.01
283,,896.24,897.15,02-Mar-2010,,903.0,899.1,885.1,-,885.1,872.15,EQ,ICICIBANK,5140617,46072.3
284,,906.43,908.35,03-Mar-2010,,912.5,908.5,895.35,-,899.9,897.15,EQ,ICICIBANK,4562042,41351.67
285,,901.05,898.4,04-Mar-2010,,914.55,899.9,889.2,-,906.0,908.35,EQ,ICICIBANK,3204623,28875.34
286,,901.04,901.75,05-Mar-2010,,909.0,903.0,891.65,-,898.1,898.4,EQ,ICICIBANK,2713237,24447.47
287,,922.32,923.75,08-Mar-2010,,926.8,923.95,910.0,-,910.0,901.75,EQ,ICICIBANK,5871814,54156.67
288,,922.24,925.15,09-Mar-2010,,934.6,925.95,909.05,-,922.0,923.75,EQ,ICICIBANK,6192671,57111.11
289,,919.36,917.8,10-Mar-2010,,929.5,914.7,908.4,-,925.0,925.15,EQ,ICICIBANK,4034820,37094.39
290,,927.19,930.85,11-Mar-2010,,936.7,935.0,913.1,-,915.0,917.8,EQ,ICICIBANK,3844756,35648.07
291,,936.58,936.65,12-Mar-2010,,941.9,937.0,931.2,-,935.05,930.85,EQ,ICICIBANK,3725650,34893.53
292,,923.57,923.75,15-Mar-2010,,935.0,924.0,856.0,-,930.0,936.65,EQ,ICICIBANK,2952782,27271.08
293,,920.49,930.5,16-Mar-2010,,934.9,932.9,912.2,-,921.0,923.75,EQ,ICICIBANK,2633732,24243.29
294,,946.0,948.55,17-Mar-2010,,953.6,946.0,932.0,-,935.0,930.5,EQ,ICICIBANK,4202724,39757.6
295,,957.93,963.65,18-Mar-2010,,969.5,969.0,949.0,-,950.05,948.55,EQ,ICICIBANK,4717742,45192.62
296,,955.14,956.55,19-Mar-2010,,968.9,955.0,948.45,-,963.0,963.65,EQ,ICICIBANK,3267136,31205.74
297,,937.83,935.25,22-Mar-2010,,949.0,931.25,921.0,-,949.0,956.55,EQ,ICICIBANK,3652288,34252.38
298,,930.13,925.5,23-Mar-2010,,946.0,925.5,922.0,-,939.0,935.25,EQ,ICICIBANK,3672750,34161.47
299,,925.21,933.85,25-Mar-2010,,940.0,934.2,912.6,-,920.0,925.5,EQ,ICICIBANK,4820682,44601.67
300,,941.86,947.5,26-Mar-2010,,951.9,945.0,935.25,-,939.0,933.85,EQ,ICICIBANK,3917202,36894.64
301,,950.36,952.6,29-Mar-2010,,959.0,954.9,939.5,-,945.0,947.5,EQ,ICICIBANK,3983548,37858.05
302,,961.83,959.8,30-Mar-2010,,968.4,958.0,954.85,-,956.1,952.6,EQ,ICICIBANK,3376865,32479.78
303,,958.44,952.5,31-Mar-2010,,970.8,955.0,948.7,-,964.8,959.8,EQ,ICICIBANK,5134032,49206.54
304,,950.92,952.65,01-Apr-2010,,961.9,954.7,944.3,-,957.0,952.5,EQ,ICICIBANK,3607188,34301.45
305,,976.44,985.35,05-Apr-2010,,990.7,985.0,955.0,-,955.0,952.65,EQ,ICICIBANK,5138752,50176.88
306,,998.03,997.8,06-Apr-2010,,1009.7,997.65,985.35,-,991.9,985.35,EQ,ICICIBANK,5611666,56006.3
307,,994.42,987.35,07-Apr-2010,,1009.0,989.0,980.1,-,1002.7,997.8,EQ,ICICIBANK,3611538,35913.88
308,,971.0,961.1,08-Apr-2010,,988.0,959.8,957.7,-,982.2,987.35,EQ,ICICIBANK,4261707,41381.15
309,,974.53,978.3,09-Apr-2010,,981.95,978.9,962.0,-,962.3,961.1,EQ,ICICIBANK,2297644,22391.32
310,,968.75,964.65,12-Apr-2010,,984.9,961.25,961.25,-,980.0,978.3,EQ,ICICIBANK,3753582,36362.88
311,,946.71,942.2,13-Apr-2010,,966.5,942.0,940.35,-,964.65,964.65,EQ,ICICIBANK,3988314,37757.95
312,,931.94,918.0,15-Apr-2010,,957.9,920.15,915.3,-,947.8,942.2,EQ,ICICIBANK,5430802,50611.74
313,,927.21,922.45,16-Apr-2010,,936.9,920.0,915.3,-,917.0,918.0,EQ,ICICIBANK,4457721,41332.21
314,,916.07,919.8,19-Apr-2010,,926.55,921.25,902.55,-,913.8,922.45,EQ,ICICIBANK,4197377,38450.96
315,,934.38,933.0,20-Apr-2010,,945.0,935.8,920.0,-,922.0,919.8,EQ,ICICIBANK,4431773,41409.49
316,,946.85,951.9,21-Apr-2010,,954.5,951.0,939.0,-,939.95,933.0,EQ,ICICIBANK,3767697,35674.47
317,,952.79,943.85,22-Apr-2010,,964.65,941.55,935.15,-,945.5,951.9,EQ,ICICIBANK,4186575,39889.26
318,,967.64,977.7,23-Apr-2010,,979.8,978.75,945.0,-,949.0,943.85,EQ,ICICIBANK,4891115,47328.5
319,,969.79,960.15,26-Apr-2010,,998.15,960.6,958.4,-,980.1,977.7,EQ,ICICIBANK,5675067,55036.3
320,,952.16,946.95,27-Apr-2010,,960.0,945.5,935.15,-,958.0,960.15,EQ,ICICIBANK,2811092,26766.1
321,,927.49,919.45,28-Apr-2010,,940.95,921.5,913.4,-,931.3,946.95,EQ,ICICIBANK,3941820,36560.0
322,,940.64,947.05,29-Apr-2010,,951.0,948.0,923.0,-,923.0,919.45,EQ,ICICIBANK,4649510,43734.94
323,,956.27,951.95,30-Apr-2010,,964.4,948.2,947.15,-,952.9,947.05,EQ,ICICIBANK,3406725,32577.56
324,,944.21,936.9,03-May-2010,,957.95,937.05,933.0,-,946.1,951.95,EQ,ICICIBANK,2984585,28180.68
325,,926.84,915.2,04-May-2010,,946.6,916.0,909.0,-,941.9,936.9,EQ,ICICIBANK,3506018,32495.16
326,,898.14,903.65,05-May-2010,,910.0,906.7,887.25,-,910.0,915.2,EQ,ICICIBANK,5285087,47467.4
327,,901.93,902.85,06-May-2010,,912.55,901.4,891.0,-,898.45,903.65,EQ,ICICIBANK,3270914,29501.25
328,,880.33,876.6,07-May-2010,,892.0,877.0,869.0,-,884.9,902.85,EQ,ICICIBANK,5115017,45029.04
329,,913.15,922.1,10-May-2010,,928.0,923.65,888.6,-,889.9,876.6,EQ,ICICIBANK,4430143,40453.66
330,,920.82,916.6,11-May-2010,,934.0,918.0,908.0,-,922.0,922.1,EQ,ICICIBANK,4166762,38368.48
331,,915.14,914.75,12-May-2010,,923.4,914.2,906.1,-,922.0,916.6,EQ,ICICIBANK,3526949,32276.46
332,,928.32,927.0,13-May-2010,,934.0,928.0,921.05,-,922.0,914.75,EQ,ICICIBANK,2924053,27144.47
333,,917.33,911.05,14-May-2010,,925.05,908.7,905.0,-,925.05,927.0,EQ,ICICIBANK,2585990,23722.0
334,,893.24,901.1,17-May-2010,,904.9,899.25,883.05,-,898.0,911.05,EQ,ICICIBANK,3404595,30411.37
335,,891.79,889.2,18-May-2010,,902.25,891.0,882.5,-,902.25,901.1,EQ,ICICIBANK,3647882,32531.35
336,,843.54,824.45,19-May-2010,,884.0,830.0,818.0,-,880.0,889.2,EQ,ICICIBANK,12227558,103143.97
337,,830.68,831.65,20-May-2010,,847.0,836.1,815.5,-,831.0,824.45,EQ,ICICIBANK,6381900,53013.24
338,,826.36,834.8,21-May-2010,,839.05,834.0,807.3,-,812.95,831.65,EQ,ICICIBANK,4506121,37236.95
339,,840.3,832.1,24-May-2010,,949.6,825.2,825.0,-,839.5,834.8,EQ,ICICIBANK,4245575,35675.36
340,,810.53,809.35,25-May-2010,,821.1,811.4,802.35,-,821.1,832.1,EQ,ICICIBANK,4537380,36776.7
341,,835.42,847.75,26-May-2010,,850.75,848.0,821.2,-,825.05,809.35,EQ,ICICIBANK,4346267,36309.72
342,,849.74,856.8,27-May-2010,,865.0,860.0,833.25,-,845.0,847.75,EQ,ICICIBANK,5838511,49611.91
343,,860.74,864.75,28-May-2010,,877.0,862.0,848.65,-,862.1,856.8,EQ,ICICIBANK,4071926,35048.71
344,,866.68,868.3,31-May-2010,,874.45,866.0,857.4,-,864.75,864.75,EQ,ICICIBANK,3698709,32055.85
345,,844.44,837.95,01-Jun-2010,,864.8,837.0,833.1,-,851.65,868.3,EQ,ICICIBANK,3878011,32747.49
346,,838.31,842.3,02-Jun-2010,,849.9,844.05,823.0,-,844.7,837.95,EQ,ICICIBANK,3320996,27840.37
347,,853.51,854.1,03-Jun-2010,,859.05,851.7,848.2,-,851.4,842.3,EQ,ICICIBANK,2494522,21291.03
348,,862.85,865.85,04-Jun-2010,,868.6,866.0,854.1,-,854.1,854.1,EQ,ICICIBANK,2963920,25574.1
349,,839.89,841.95,07-Jun-2010,,850.0,843.25,712.0,-,712.0,865.85,EQ,ICICIBANK,3471483,29156.74
350,,830.83,817.5,08-Jun-2010,,844.7,816.5,813.1,-,839.0,841.95,EQ,ICICIBANK,4655052,38675.46
351,,827.8,824.55,09-Jun-2010,,839.9,826.5,817.0,-,817.0,817.5,EQ,ICICIBANK,3618518,29954.05
352,,823.48,829.05,10-Jun-2010,,834.2,827.1,814.0,-,822.8,824.55,EQ,ICICIBANK,3597611,29625.67
353,,840.28,846.0,11-Jun-2010,,850.0,846.6,831.8,-,845.0,829.05,EQ,ICICIBANK,3795477,31892.52
354,,852.84,853.65,14-Jun-2010,,859.0,852.1,843.4,-,855.0,846.0,EQ,ICICIBANK,2758649,23526.75
355,,849.35,860.1,15-Jun-2010,,864.85,864.0,839.3,-,853.65,853.65,EQ,ICICIBANK,2635443,22384.07
356,,868.81,876.75,16-Jun-2010,,879.9,873.0,860.05,-,869.0,860.1,EQ,ICICIBANK,3761689,32682.06
357,,874.03,883.85,17-Jun-2010,,891.9,879.25,846.0,-,878.0,876.75,EQ,ICICIBANK,11674290,102037.07
358,,871.75,869.3,18-Jun-2010,,885.0,868.0,864.05,-,876.1,883.85,EQ,ICICIBANK,3185066,27765.96
359,,899.26,899.8,21-Jun-2010,,910.0,899.5,875.6,-,878.9,869.3,EQ,ICICIBANK,5197811,46741.84
360,,896.11,891.6,22-Jun-2010,,905.8,892.1,888.4,-,897.0,899.8,EQ,ICICIBANK,3296032,29536.06
361,,896.96,900.4,23-Jun-2010,,904.7,902.0,881.55,-,886.1,891.6,EQ,ICICIBANK,3219018,28873.25
362,,890.61,885.7,24-Jun-2010,,902.0,880.0,878.15,-,898.2,900.4,EQ,ICICIBANK,3487698,31061.73
363,,868.43,856.55,25-Jun-2010,,881.95,852.05,851.55,-,880.0,885.7,EQ,ICICIBANK,3670962,31879.84
364,,863.28,870.15,28-Jun-2010,,871.95,871.0,852.0,-,852.0,856.55,EQ,ICICIBANK,2536694,21898.71
365,,852.58,848.3,29-Jun-2010,,870.15,848.0,841.65,-,870.15,870.15,EQ,ICICIBANK,3303161,28162.23
366,,852.96,861.7,30-Jun-2010,,864.35,860.1,834.25,-,836.1,848.3,EQ,ICICIBANK,4010160,34205.07
367,,842.08,841.45,01-Jul-2010,,857.0,841.7,836.55,-,854.45,861.7,EQ,ICICIBANK,3342467,28146.09
368,,840.02,840.05,02-Jul-2010,,847.75,839.45,833.2,-,842.5,841.45,EQ,ICICIBANK,3261874,27400.28
369,,841.55,840.6,05-Jul-2010,,845.7,840.75,834.0,-,838.0,840.05,EQ,ICICIBANK,1459645,12283.6
370,,852.13,858.8,06-Jul-2010,,861.7,857.15,838.45,-,839.5,840.6,EQ,ICICIBANK,2319110,19761.89
371,,847.78,846.2,07-Jul-2010,,858.1,844.95,844.25,-,857.0,858.8,EQ,ICICIBANK,2084301,17670.37
372,,862.12,862.3,08-Jul-2010,,865.8,863.0,855.05,-,858.0,846.2,EQ,ICICIBANK,1672806,14421.53
373,,872.4,875.9,09-Jul-2010,,879.0,877.6,866.0,-,866.5,862.3,EQ,ICICIBANK,3217777,28071.89
374,,887.8,893.45,12-Jul-2010,,895.0,890.0,876.05,-,884.9,875.9,EQ,ICICIBANK,4040383,35870.38
375,,894.1,899.45,13-Jul-2010,,901.0,899.5,860.25,-,860.25,893.45,EQ,ICICIBANK,2526351,22588.07
376,,899.5,891.25,14-Jul-2010,,914.45,888.05,886.15,-,903.0,899.45,EQ,ICICIBANK,2597757,23366.81
377,,888.13,881.85,15-Jul-2010,,900.85,884.0,878.3,-,889.05,891.25,EQ,ICICIBANK,2812591,24979.44
378,,898.29,902.4,16-Jul-2010,,905.0,901.0,886.0,-,886.0,881.85,EQ,ICICIBANK,3003602,26980.95
379,,898.11,900.05,19-Jul-2010,,904.35,900.7,887.0,-,895.1,902.4,EQ,ICICIBANK,3125514,28070.54
380,,896.92,886.85,20-Jul-2010,,906.1,885.15,883.0,-,900.05,900.05,EQ,ICICIBANK,1455851,13057.81
381,,896.94,902.6,21-Jul-2010,,904.9,900.5,890.65,-,894.0,886.85,EQ,ICICIBANK,2933359,26310.57
382,,898.57,908.7,22-Jul-2010,,910.0,908.0,886.2,-,899.0,902.6,EQ,ICICIBANK,2820295,25342.37
383,,913.1,912.85,23-Jul-2010,,920.8,909.5,905.4,-,915.0,908.7,EQ,ICICIBANK,4775083,43601.48
384,,917.9,916.7,26-Jul-2010,,926.4,918.0,911.2,-,918.8,912.85,EQ,ICICIBANK,2054200,18855.51
385,,915.93,924.2,27-Jul-2010,,927.5,923.6,898.25,-,915.3,916.7,EQ,ICICIBANK,4152329,38032.36
386,,911.34,908.85,28-Jul-2010,,925.5,910.3,902.5,-,925.0,924.2,EQ,ICICIBANK,2064320,18812.88
387,,919.69,928.7,29-Jul-2010,,932.0,929.0,900.3,-,902.0,908.85,EQ,ICICIBANK,5063707,46570.52
388,,913.74,904.9,30-Jul-2010,,931.5,901.35,900.0,-,927.0,928.7,EQ,ICICIBANK,2386090,21802.7
389,,933.09,939.55,02-Aug-2010,,941.9,940.1,911.0,-,912.0,904.9,EQ,ICICIBANK,6396138,59681.71
390,,959.81,962.0,03-Aug-2010,,966.0,960.1,943.0,-,944.4,939.55,EQ,ICICIBANK,6550962,62876.56
391,,965.17,969.25,04-Aug-2010,,973.0,969.1,957.05,-,963.05,962.0,EQ,ICICIBANK,4469083,43134.25
392,,958.93,955.4,05-Aug-2010,,973.0,958.45,952.65,-,973.0,969.25,EQ,ICICIBANK,3060642,29349.28
393,,956.76,949.8,06-Aug-2010,,963.0,950.0,942.55,-,955.0,955.4,EQ,ICICIBANK,3518166,33660.48
394,,972.37,980.1,09-Aug-2010,,982.0,977.0,949.0,-,949.0,949.8,EQ,ICICIBANK,4733829,46030.38
395,,984.02,988.9,10-Aug-2010,,995.0,989.5,966.65,-,977.15,980.1,EQ,ICICIBANK,5842996,57496.3
396,,985.26,971.85,11-Aug-2010,,999.0,965.4,962.7,-,980.1,988.9,EQ,ICICIBANK,4386569,43219.32
397,,971.35,963.3,12-Aug-2010,,988.0,963.1,957.0,-,964.0,971.85,EQ,ICICIBANK,5083185,49375.52
398,,978.06,976.4,13-Aug-2010,,984.8,978.0,963.3,-,969.9,963.3,EQ,ICICIBANK,3419585,33445.55
399,,967.06,957.1,16-Aug-2010,,981.0,957.15,953.1,-,977.0,976.4,EQ,ICICIBANK,3146781,30431.14
400,,960.87,958.9,17-Aug-2010,,969.8,965.05,952.5,-,957.5,957.1,EQ,ICICIBANK,3164971,30411.1
401,,961.51,967.9,18-Aug-2010,,977.0,976.0,951.1,-,962.0,958.9,EQ,ICICIBANK,3277100,31509.58
402,,1000.16,1013.0,19-Aug-2010,,1015.9,1013.9,972.05,-,972.05,967.9,EQ,ICICIBANK,5695033,56959.16
403,,999.56,994.0,20-Aug-2010,,1009.95,992.1,991.6,-,1005.55,1013.0,EQ,ICICIBANK,2514532,25134.37
404,,1000.22,1011.5,23-Aug-2010,,1016.7,1011.55,985.0,-,993.5,994.0,EQ,ICICIBANK,3905192,39060.54
405,,1007.24,1001.7,24-Aug-2010,,1024.0,1000.0,998.0,-,1006.0,1011.5,EQ,ICICIBANK,3717305,37442.04
406,,989.74,984.3,25-Aug-2010,,1003.85,984.0,981.65,-,993.25,1001.7,EQ,ICICIBANK,3838212,37988.23
407,,984.23,983.55,26-Aug-2010,,995.0,987.6,976.1,-,985.0,984.3,EQ,ICICIBANK,4331942,42636.17
408,,973.72,957.45,27-Aug-2010,,990.0,955.1,953.25,-,990.0,983.55,EQ,ICICIBANK,2768834,26960.62
409,,969.45,967.9,30-Aug-2010,,980.95,972.7,958.15,-,966.9,957.45,EQ,ICICIBANK,1792891,17381.15
410,,970.25,977.7,31-Aug-2010,,981.5,978.15,960.0,-,962.0,967.9,EQ,ICICIBANK,3027524,29374.46
411,,994.16,995.0,01-Sep-2010,,1002.7,998.0,980.35,-,980.35,977.7,EQ,ICICIBANK,4194424,41699.42
412,,1002.69,1003.9,02-Sep-2010,,1008.3,1004.0,995.5,-,1003.2,995.0,EQ,ICICIBANK,2477553,24842.09
413,,1001.33,1001.0,03-Sep-2010,,1009.95,997.9,994.2,-,1004.0,1003.9,EQ,ICICIBANK,1910171,19127.13
414,,1029.41,1039.45,06-Sep-2010,,1048.0,1037.65,1001.0,-,1001.0,1001.0,EQ,ICICIBANK,4765817,49059.81
415,,1040.47,1038.6,07-Sep-2010,,1049.15,1036.5,1033.15,-,1040.0,1039.45,EQ,ICICIBANK,3708098,38581.66
416,,1030.42,1027.6,08-Sep-2010,,1041.25,1026.0,1023.8,-,1030.05,1038.6,EQ,ICICIBANK,2627842,27077.74
417,,1044.8,1050.2,09-Sep-2010,,1054.0,1043.0,1032.1,-,1035.05,1027.6,EQ,ICICIBANK,3536765,36952.13
418,,1091.28,1098.0,13-Sep-2010,,1103.65,1095.0,1055.1,-,1059.0,1050.2,EQ,ICICIBANK,4999269,54555.97
419,,1102.22,1100.15,14-Sep-2010,,1116.75,1101.6,1092.0,-,1102.0,1098.0,EQ,ICICIBANK,3930290,43320.6
420,,1101.75,1103.9,15-Sep-2010,,1109.9,1103.6,1095.15,-,1100.5,1100.15,EQ,ICICIBANK,3326158,36646.08
421,,1110.47,1103.55,16-Sep-2010,,1124.0,1103.7,1097.0,-,1100.0,1103.9,EQ,ICICIBANK,4500560,49977.59
422,,1114.79,1114.2,17-Sep-2010,,1122.0,1119.0,1105.0,-,1105.0,1103.55,EQ,ICICIBANK,3141964,35026.17
423,,1119.97,1127.75,20-Sep-2010,,1133.75,1126.9,1105.0,-,1115.0,1114.2,EQ,ICICIBANK,3136582,35128.92
424,,1121.66,1127.15,21-Sep-2010,,1132.8,1124.3,1105.05,-,1128.0,1127.75,EQ,ICICIBANK,4874260,54672.52
425,,1122.82,1126.1,22-Sep-2010,,1136.9,1119.5,1114.0,-,1124.45,1127.15,EQ,ICICIBANK,4436805,49817.5
426,,1109.32,1100.25,23-Sep-2010,,1148.0,1096.4,1080.35,-,1124.0,1126.1,EQ,ICICIBANK,2050899,22751.06
427,,1107.18,1114.1,24-Sep-2010,,1118.5,1111.95,1088.45,-,1100.0,1100.25,EQ,ICICIBANK,3027804,33523.37
428,,1121.42,1115.1,27-Sep-2010,,1130.85,1114.5,1110.0,-,1117.55,1114.1,EQ,ICICIBANK,3032927,34011.83
429,,1107.95,1110.7,28-Sep-2010,,1115.1,1110.65,1098.0,-,1112.0,1115.1,EQ,ICICIBANK,3584507,39714.68
430,,1103.65,1101.95,29-Sep-2010,,1117.0,1099.85,1095.65,-,1115.1,1110.7,EQ,ICICIBANK,2496279,27550.17
431,,1106.77,1112.95,30-Sep-2010,,1121.0,1118.0,1097.3,-,1100.0,1101.95,EQ,ICICIBANK,3909992,43274.72
432,,1130.85,1135.2,01-Oct-2010,,1137.85,1136.05,1116.0,-,1117.05,1112.95,EQ,ICICIBANK,3179105,35950.87
433,,1159.54,1156.15,04-Oct-2010,,1170.0,1157.25,1141.0,-,1141.0,1135.2,EQ,ICICIBANK,3139711,36406.36
434,,1149.8,1147.7,05-Oct-2010,,1158.8,1144.6,1141.75,-,1148.05,1156.15,EQ,ICICIBANK,2505483,28808.16
435,,1150.41,1149.15,06-Oct-2010,,1163.2,1147.0,1138.5,-,1161.0,1147.7,EQ,ICICIBANK,2497299,28729.23
436,,1140.91,1137.6,07-Oct-2010,,1151.0,1136.65,1131.9,-,1149.0,1149.15,EQ,ICICIBANK,2344429,26747.77
437,,1128.23,1126.2,08-Oct-2010,,1141.9,1125.0,1118.25,-,1141.0,1137.6,EQ,ICICIBANK,2777265,31333.98
438,,1132.67,1132.6,11-Oct-2010,,1145.95,1133.0,1123.65,-,1130.0,1126.2,EQ,ICICIBANK,2302266,26077.12
439,,1137.24,1138.7,12-Oct-2010,,1144.7,1139.95,1129.4,-,1136.0,1132.6,EQ,ICICIBANK,2526191,28728.81
440,,1150.13,1158.7,13-Oct-2010,,1164.8,1161.4,1136.2,-,1138.7,1138.7,EQ,ICICIBANK,4252138,48905.31
441,,1150.56,1139.7,14-Oct-2010,,1169.2,1141.0,1124.25,-,1164.95,1158.7,EQ,ICICIBANK,2765407,31817.78
442,,1128.8,1124.65,15-Oct-2010,,1143.0,1118.7,1118.1,-,1141.0,1139.7,EQ,ICICIBANK,2198705,24819.09
443,,1106.72,1116.15,18-Oct-2010,,1124.0,1116.0,1094.05,-,1120.0,1124.65,EQ,ICICIBANK,5810966,64311.09
444,,1132.46,1119.55,19-Oct-2010,,1154.4,1118.8,1113.5,-,1125.0,1116.15,EQ,ICICIBANK,3992090,45208.9
445,,1117.47,1113.9,20-Oct-2010,,1128.05,1112.25,1107.75,-,1114.0,1119.55,EQ,ICICIBANK,2263699,25296.2
446,,1119.28,1129.6,21-Oct-2010,,1131.85,1128.5,1103.1,-,1121.0,1113.9,EQ,ICICIBANK,3805812,42597.57
447,,1131.16,1131.85,22-Oct-2010,,1139.0,1130.05,1117.1,-,1135.0,1129.6,EQ,ICICIBANK,2147228,24288.63
448,,1148.14,1142.1,25-Oct-2010,,1157.9,1142.5,1135.0,-,1138.0,1131.85,EQ,ICICIBANK,2448493,28112.07
449,,1132.59,1131.15,26-Oct-2010,,1143.0,1129.75,1127.0,-,1142.0,1142.1,EQ,ICICIBANK,2198228,24896.89
450,,1110.24,1106.75,27-Oct-2010,,1129.3,1109.0,1088.6,-,1127.35,1131.15,EQ,ICICIBANK,3598048,39946.92
451,,1095.07,1089.05,28-Oct-2010,,1118.1,1092.4,1078.05,-,1114.5,1106.75,EQ,ICICIBANK,9111924,99782.0
452,,1122.27,1163.0,29-Oct-2010,,1177.0,1164.1,1074.0,-,1098.3,1089.05,EQ,ICICIBANK,9668301,108504.37
453,,1225.66,1232.0,01-Nov-2010,,1244.0,1235.5,1186.0,-,1186.25,1163.0,EQ,ICICIBANK,9525228,116746.48
454,,1225.48,1231.35,02-Nov-2010,,1246.7,1230.0,1209.25,-,1228.0,1232.0,EQ,ICICIBANK,4578468,56108.05
455,,1243.4,1238.65,03-Nov-2010,,1254.8,1246.5,1233.0,-,1245.0,1231.35,EQ,ICICIBANK,3226833,40122.49
456,,1258.31,1266.05,04-Nov-2010,,1270.55,1269.6,1241.0,-,1248.9,1238.65,EQ,ICICIBANK,2953238,37160.95
457,,1273.5,1273.35,05-Nov-2010,,1279.0,1270.0,1269.35,-,1271.25,1266.05,EQ,ICICIBANK,423588,5394.39
458,,1256.29,1255.3,08-Nov-2010,,1278.0,1258.6,1243.95,-,1273.0,1273.35,EQ,ICICIBANK,5364618,67395.27
459,,1262.18,1269.15,09-Nov-2010,,1277.8,1270.0,1248.15,-,1251.0,1255.3,EQ,ICICIBANK,3581904,45210.19
460,,1256.17,1255.2,10-Nov-2010,,1264.9,1258.7,1248.65,-,1260.0,1269.15,EQ,ICICIBANK,2220094,27888.15
461,,1249.49,1237.1,11-Nov-2010,,1264.9,1238.4,1232.1,-,1258.0,1255.2,EQ,ICICIBANK,2272096,28389.67
462,,1212.75,1200.45,12-Nov-2010,,1234.9,1201.5,1193.85,-,1233.0,1237.1,EQ,ICICIBANK,2761521,33490.27
463,,1222.04,1223.2,15-Nov-2010,,1236.9,1224.0,1197.35,-,1200.45,1200.45,EQ,ICICIBANK,4252182,51963.32
464,,1216.3,1202.3,16-Nov-2010,,1240.5,1206.3,1193.6,-,1232.0,1223.2,EQ,ICICIBANK,3953504,48086.44
465,,1164.18,1164.4,18-Nov-2010,,1207.45,1167.0,1138.8,-,1207.0,1202.3,EQ,ICICIBANK,7111339,82788.64
466,,1153.56,1148.7,19-Nov-2010,,1170.0,1150.0,1140.55,-,1166.9,1164.4,EQ,ICICIBANK,3195844,36866.07
467,,1170.32,1180.05,22-Nov-2010,,1193.15,1192.0,1145.15,-,1152.9,1148.7,EQ,ICICIBANK,3244856,37975.26
468,,1155.2,1156.95,23-Nov-2010,,1175.4,1153.95,1128.0,-,1172.0,1180.05,EQ,ICICIBANK,3751973,43342.82
469,,1148.32,1125.1,24-Nov-2010,,1174.9,1121.5,1114.25,-,1160.0,1156.95,EQ,ICICIBANK,4914885,56438.56
470,,1128.85,1116.25,25-Nov-2010,,1157.35,1127.05,1102.6,-,1136.0,1125.1,EQ,ICICIBANK,7603636,85834.01
471,,1121.78,1124.15,26-Nov-2010,,1152.6,1122.6,1091.25,-,1129.0,1116.25,EQ,ICICIBANK,5587204,62676.1
472,,1149.65,1154.3,29-Nov-2010,,1163.25,1152.2,1133.35,-,1136.0,1124.15,EQ,ICICIBANK,3736399,42955.51
473,,1142.56,1142.1,30-Nov-2010,,1156.7,1148.8,1127.65,-,1150.1,1154.3,EQ,ICICIBANK,5860932,66964.4
474,,1161.28,1167.45,01-Dec-2010,,1178.0,1165.5,1144.8,-,1150.0,1142.1,EQ,ICICIBANK,4193030,48692.89
475,,1190.49,1191.15,02-Dec-2010,,1202.0,1189.3,1180.0,-,1182.0,1167.45,EQ,ICICIBANK,3987877,47475.29
476,,1180.74,1181.45,03-Dec-2010,,1190.7,1186.0,1167.0,-,1186.0,1191.15,EQ,ICICIBANK,2687850,31736.58
477,,1167.09,1151.2,06-Dec-2010,,1195.2,1149.0,1143.2,-,1189.5,1181.45,EQ,ICICIBANK,3887953,45375.97
478,,1111.8,1110.5,07-Dec-2010,,1148.7,1112.15,1100.0,-,1148.7,1151.2,EQ,ICICIBANK,6303028,70076.89
479,,1100.12,1104.4,08-Dec-2010,,1113.5,1109.0,1085.25,-,1105.0,1110.5,EQ,ICICIBANK,4225424,46484.75
480,,1081.84,1058.3,09-Dec-2010,,1120.7,1056.25,1045.1,-,1104.05,1104.4,EQ,ICICIBANK,8412396,91008.74
481,,1094.47,1117.1,10-Dec-2010,,1125.0,1117.0,1041.1,-,1057.0,1058.3,EQ,ICICIBANK,6827525,74725.01
482,,1107.34,1120.4,13-Dec-2010,,1126.55,1118.0,1086.15,-,1126.0,1117.1,EQ,ICICIBANK,3636563,40269.23
483,,1117.3,1119.5,14-Dec-2010,,1133.0,1110.2,1103.35,-,1124.9,1120.4,EQ,ICICIBANK,2830159,31621.26
484,,1087.14,1078.7,15-Dec-2010,,1108.7,1079.9,1071.1,-,1102.0,1119.5,EQ,ICICIBANK,4781060,51977.02
485,,1091.02,1105.75,16-Dec-2010,,1112.15,1096.55,1068.1,-,1084.0,1078.7,EQ,ICICIBANK,4101682,44750.22
486,,1104.32,1100.05,20-Dec-2010,,1118.9,1095.7,1088.05,-,1099.7,1105.75,EQ,ICICIBANK,3212298,35473.94
487,,1133.75,1138.35,21-Dec-2010,,1143.0,1136.35,1102.0,-,1102.7,1100.05,EQ,ICICIBANK,4137814,46912.63
488,,1132.77,1131.75,22-Dec-2010,,1145.0,1133.0,1120.1,-,1145.0,1138.35,EQ,ICICIBANK,2692166,30496.18
489,,1131.84,1129.65,23-Dec-2010,,1140.0,1129.25,1122.8,-,1139.0,1131.75,EQ,ICICIBANK,1926646,21806.6
490,,1119.75,1118.15,24-Dec-2010,,1127.9,1122.15,1112.0,-,1117.0,1129.65,EQ,ICICIBANK,2034531,22781.56
491,,1129.04,1125.55,27-Dec-2010,,1136.0,1125.0,1118.25,-,1118.25,1118.15,EQ,ICICIBANK,1604653,18117.17
492,,1115.35,1111.85,28-Dec-2010,,1126.0,1112.0,1108.7,-,1126.0,1125.55,EQ,ICICIBANK,1544960,17231.72
493,,1123.05,1129.45,29-Dec-2010,,1132.0,1130.15,1109.1,-,1115.0,1111.85,EQ,ICICIBANK,2290701,25725.62
494,,1135.72,1136.85,30-Dec-2010,,1143.6,1132.0,1123.1,-,1123.1,1129.45,EQ,ICICIBANK,3741694,42495.02
495,,1143.14,1145.1,31-Dec-2010,,1148.2,1139.3,1135.0,-,1136.65,1136.85,EQ,ICICIBANK,1959891,22404.29
